time,tavg,tmin,tmax,prcp,snow,wdir,wspd,wpgt,pres,tsun,airport
2025-01-01,7.0,3.3,10.6,0.0,0.0,,13.6,,1020.6,,ATL
2025-01-02,3.4,-1.1,10.0,0.0,0.0,,9.0,,1026.4,,ATL
2025-01-03,5.3,-1.1,12.2,0.0,0.0,,13.8,,1024.5,,ATL
2025-01-04,2.6,-1.1,8.3,0.0,0.0,,8.2,,1027.0,,ATL
2025-01-05,5.3,-2.2,12.2,9.6,0.0,,7.7,,1021.0,,ATL
2025-01-06,5.8,-1.1,14.4,16.0,0.0,,21.5,,1011.5,,ATL
2025-01-07,0.3,-2.2,4.4,0.0,0.0,,16.6,,1024.7,,ATL
2025-01-08,-1.5,-4.4,2.8,0.0,0.0,,17.9,,1025.6,,ATL
2025-01-09,-0.7,-6.7,5.6,0.0,0.0,,8.4,,1024.6,,ATL
2025-01-10,0.1,-1.7,0.6,20.2,0.0,,5.0,,1016.2,,ATL
2025-01-11,0.5,-1.7,1.1,0.0,5.0,,11.4,,1013.7,,ATL
2025-01-12,-0.2,-6.1,6.7,0.0,3.0,,1.6,,1020.1,,ATL
2025-01-13,5.9,0.6,12.2,0.0,0.0,,5.9,,1022.1,,ATL
2025-01-14,3.5,-1.7,9.4,0.0,0.0,,9.0,,1027.3,,ATL
2025-01-15,4.0,-0.6,10.6,0.0,0.0,,7.1,,1029.2,,ATL
2025-01-16,5.4,-2.2,13.9,0.0,0.0,,9.3,,1022.4,,ATL
2025-01-17,7.4,-1.7,15.6,0.0,0.0,,5.8,,1019.0,,ATL
2025-01-18,10.5,6.1,15.6,18.8,0.0,,4.2,,1010.8,,ATL
2025-01-19,4.7,-2.2,11.1,0.0,0.0,,17.8,,1014.7,,ATL
2025-01-20,-4.9,-8.3,-1.7,0.0,0.0,,15.3,,1030.7,,ATL
2025-01-21,-5.1,-7.2,-2.8,0.2,0.0,,10.4,,1032.6,,ATL
2025-01-22,-4.2,-10.6,2.2,0.0,3.0,,6.5,,1030.1,,ATL
2025-01-23,-1.9,-7.0,5.0,0.0,0.0,,3.9,,1027.6,,ATL
2025-01-24,0.7,-7.2,8.9,0.0,0.0,,6.0,,1027.0,,ATL
2025-01-25,1.2,-6.1,10.6,0.0,0.0,,2.1,,1030.3,,ATL
2025-01-26,4.4,-4.4,12.8,0.5,0.0,,2.3,,1028.6,,ATL
2025-01-27,7.8,5.6,10.0,8.9,0.0,,5.6,,1020.5,,ATL
2025-01-28,6.8,-0.6,14.4,0.0,0.0,,7.9,,1018.1,,ATL
2025-01-29,9.8,0.6,20.0,0.0,0.0,,9.2,,1017.9,,ATL
2025-01-30,12.2,2.8,21.7,0.1,0.0,,5.4,,1019.9,,ATL
2025-01-31,14.1,10.6,17.2,7.7,0.0,,10.1,,1013.9,,ATL
2025-02-01,10.0,2.8,16.7,0.0,,,5.6,,1020.5,,ATL
2025-02-02,10.3,2.2,20.0,0.0,0.0,,2.9,,1023.2,,ATL
2025-02-03,12.1,2.2,23.3,0.0,0.0,,3.7,,1021.4,,ATL
2025-02-04,17.0,8.9,24.4,0.0,0.0,,6.6,,1020.4,,ATL
2025-02-05,16.2,8.3,22.8,1.2,0.0,,3.5,,1020.3,,ATL
2025-02-06,17.9,14.4,22.2,0.5,0.0,,6.7,,1018.2,,ATL
2025-02-07,18.4,13.9,23.9,3.6,,,6.3,,1019.2,,ATL
2025-02-08,18.6,13.3,24.4,0.0,0.0,,7.0,,1017.9,,ATL
2025-02-09,18.8,14.4,22.2,3.0,0.0,,9.6,,1018.3,,ATL
2025-02-10,11.2,7.2,15.0,0.0,0.0,,9.6,,1024.0,,ATL
2025-02-11,7.1,3.9,11.7,12.6,0.0,,14.3,,1019.5,,ATL
2025-02-12,5.0,3.9,6.1,57.1,0.0,,11.0,,1014.5,,ATL
2025-02-13,8.8,3.3,15.0,19.6,0.0,,11.5,,1020.5,,ATL
2025-02-14,6.3,-2.2,13.9,0.0,0.0,,8.7,,1031.8,,ATL
2025-02-15,8.7,6.1,11.1,1.9,0.0,,7.0,,1020.9,,ATL
2025-02-16,10.1,2.8,16.7,23.1,0.0,,21.0,,1010.3,,ATL
2025-02-17,3.5,-1.1,9.4,0.0,0.0,,14.6,,1023.2,,ATL
2025-02-18,5.0,-1.1,13.9,0.0,0.0,,1.2,,1022.6,,ATL
2025-02-19,4.9,1.1,7.8,2.4,0.0,,8.2,,1020.3,,ATL
2025-02-20,-1.6,-5.0,0.6,0.0,0.0,,20.2,,1025.8,,ATL
2025-02-21,-0.6,-7.8,8.3,0.0,,,4.7,,1032.8,,ATL
2025-02-22,3.6,-4.4,11.1,0.0,,,5.0,,1029.2,,ATL
2025-02-23,4.7,-2.2,11.7,0.0,,,3.5,,1023.0,,ATL
2025-02-24,10.2,2.2,19.4,0.0,0.0,,2.5,,1017.2,,ATL
2025-02-25,12.8,3.3,23.3,0.0,0.0,,7.9,,1012.9,,ATL
2025-02-26,13.6,3.3,25.0,0.0,0.0,,2.2,,1014.9,,ATL
2025-02-27,15.0,8.9,21.7,0.0,,,11.0,,1014.5,,ATL
2025-02-28,12.8,3.9,21.1,0.0,0.0,,7.4,,1015.2,,ATL
2025-03-01,13.4,7.2,22.2,0.0,0.0,,16.0,,1011.4,,ATL
2025-03-02,6.0,1.1,12.8,0.0,,,8.2,,1020.3,,ATL
2025-03-03,7.5,-1.1,17.2,0.0,0.0,,4.0,,1022.1,,ATL
2025-03-04,13.8,2.8,21.7,0.0,0.0,,14.6,,1015.9,,ATL
2025-03-05,11.0,5.0,18.3,29.1,0.0,,18.7,,1003.2,,ATL
2025-03-06,7.0,2.8,12.8,0.0,,,18.8,,1012.7,,ATL
2025-03-07,10.4,0.6,19.4,0.0,,,5.2,,1015.5,,ATL
2025-03-08,16.6,11.1,22.8,0.0,0.0,,13.3,,1012.8,,ATL
2025-03-09,10.5,8.9,13.3,3.6,,,7.7,,1016.3,,ATL
2025-03-10,9.1,7.2,13.3,19.3,0.0,,7.1,,1012.2,,ATL
2025-03-11,12.2,1.1,23.9,0.0,,,4.5,,1013.3,,ATL
2025-03-12,14.7,3.9,25.0,0.0,,,5.1,,1013.7,,ATL
2025-03-13,15.8,8.9,23.9,0.0,,,6.3,,1013.0,,ATL
2025-03-14,17.8,10.6,25.0,0.0,0.0,,8.9,,1013.3,,ATL
2025-03-15,21.0,16.1,25.6,0.0,0.0,,20.9,,1007.5,,ATL
2025-03-16,19.0,13.3,23.3,15.1,0.0,,18.7,,1006.3,,ATL
2025-03-17,10.0,5.6,16.1,0.0,,,17.4,,1019.3,,ATL
2025-03-18,13.2,2.8,25.0,0.0,,,3.7,,1021.2,,ATL
2025-03-19,15.7,3.3,26.1,0.0,,,8.1,,1015.2,,ATL
2025-03-20,12.2,6.1,20.6,0.5,0.0,,21.0,,1011.8,,ATL
2025-03-21,9.3,2.2,17.8,0.0,,,9.3,,1019.6,,ATL
2025-03-22,12.7,3.9,22.2,0.0,0.0,,11.2,,1018.1,,ATL
2025-03-23,14.9,3.3,25.0,0.0,0.0,,6.9,,1017.9,,ATL
2025-03-24,15.4,9.4,18.3,3.0,,,9.8,,1014.6,,ATL
2025-03-25,15.4,4.4,26.1,0.0,0.0,,10.5,,1017.1,,ATL
2025-03-26,16.2,8.9,22.8,0.0,0.0,,8.9,,1021.2,,ATL
2025-03-27,14.2,5.0,23.3,0.0,,,3.3,,1025.2,,ATL
2025-03-28,17.5,7.2,26.7,0.0,0.0,,5.7,,1024.0,,ATL
2025-03-29,20.4,17.8,22.8,0.0,0.0,,10.4,,1020.6,,ATL
2025-03-30,19.9,16.7,23.9,3.9,,,9.5,,1016.0,,ATL
2025-03-31,19.3,16.7,21.1,9.2,0.0,,9.5,,1010.8,,ATL
2025-01-01,10.6,3.3,15.6,0.0,0.0,,15.1,,1025.5,,AUS
2025-01-02,9.6,1.7,17.2,0.0,0.0,,5.4,,1024.7,,AUS
2025-01-03,15.3,12.8,20.0,0.0,0.0,,6.1,,1025.6,,AUS
2025-01-04,17.3,15.0,22.8,0.0,0.0,,15.8,,1018.2,,AUS
2025-01-05,19.6,2.2,25.0,0.0,0.0,,23.0,,1014.2,,AUS
2025-01-06,3.8,-2.7,8.3,0.0,0.0,,24.1,,1029.1,,AUS
2025-01-07,2.3,-4.3,8.9,0.0,0.0,,17.3,,1031.8,,AUS
2025-01-08,3.1,1.7,5.6,0.0,0.0,,19.4,,1033.6,,AUS
2025-01-09,4.1,2.2,5.0,23.6,0.0,,15.5,,1020.8,,AUS
2025-01-10,3.8,0.6,7.2,0.0,0.0,,18.0,,1020.8,,AUS
2025-01-11,4.3,-4.9,15.0,0.0,0.0,,11.2,,1017.7,,AUS
2025-01-12,5.8,-3.8,17.8,0.0,0.0,,10.4,,1015.6,,AUS
2025-01-13,8.6,-0.5,14.4,0.0,0.0,,17.6,,1026.7,,AUS
2025-01-14,4.6,-2.1,12.8,0.0,0.0,,4.3,,1029.0,,AUS
2025-01-15,11.6,1.7,17.2,0.0,0.0,,11.2,,1029.2,,AUS
2025-01-16,7.8,-1.0,18.9,0.0,0.0,,4.3,,1028.1,,AUS
2025-01-17,9.9,6.1,16.1,0.0,0.0,,11.5,,1013.9,,AUS
2025-01-18,12.4,3.9,16.7,0.0,0.0,,18.4,,1014.7,,AUS
2025-01-19,3.4,-2.7,6.1,0.0,0.0,,24.5,,1031.0,,AUS
2025-01-20,-1.7,-6.0,1.1,0.0,0.0,,19.8,,1033.0,,AUS
2025-01-21,-0.6,-8.8,3.3,1.3,0.0,,19.8,,1038.9,,AUS
2025-01-22,-1.2,-8.8,10.6,0.0,0.0,,14.4,,1029.6,,AUS
2025-01-23,4.3,-4.9,13.3,0.0,0.0,,12.2,,1031.2,,AUS
2025-01-24,3.4,-6.6,15.0,0.0,0.0,,10.1,,1031.1,,AUS
2025-01-25,4.3,-5.5,15.0,0.5,0.0,,5.0,,1023.4,,AUS
2025-01-26,12.1,9.4,12.8,3.6,0.0,,15.1,,1022.8,,AUS
2025-01-27,9.3,7.2,11.7,1.0,0.0,,16.6,,1024.1,,AUS
2025-01-28,9.6,8.3,11.7,0.3,0.0,,8.6,,1020.2,,AUS
2025-01-29,13.4,11.1,21.7,1.0,0.0,,11.2,,1013.9,,AUS
2025-01-30,19.2,10.0,21.1,17.5,0.0,,14.0,,1010.6,,AUS
2025-01-31,13.9,3.3,22.8,0.0,0.0,,11.5,,1018.8,,AUS
2025-02-01,10.8,-1.0,24.4,0.0,0.0,,9.0,,1021.5,,AUS
2025-02-02,14.2,1.1,27.2,0.0,0.0,,12.2,,1018.0,,AUS
2025-02-03,19.4,13.9,28.9,0.0,0.0,,16.2,,1016.2,,AUS
2025-02-04,22.3,17.2,28.3,0.0,0.0,,13.7,,1018.1,,AUS
2025-02-05,20.8,18.3,25.6,0.0,0.0,,13.3,,1016.0,,AUS
2025-02-06,21.7,16.7,28.3,0.0,0.0,,15.1,,1014.7,,AUS
2025-02-07,22.4,20.0,27.2,0.0,0.0,,18.4,,1015.7,,AUS
2025-02-08,23.4,19.4,31.1,0.0,0.0,,19.8,,1013.6,,AUS
2025-02-09,17.2,10.6,21.1,0.0,0.0,,20.2,,1019.6,,AUS
2025-02-10,10.3,8.3,10.6,0.0,0.0,,17.6,,1021.7,,AUS
2025-02-11,9.9,7.8,11.7,83.8,0.0,,13.7,,1013.2,,AUS
2025-02-12,9.3,4.4,12.8,5.6,0.0,,20.2,,1009.3,,AUS
2025-02-13,4.7,0.6,8.3,0.0,0.0,,29.2,,1027.6,,AUS
2025-02-14,5.1,1.1,8.3,0.8,0.0,,7.6,,1025.2,,AUS
2025-02-15,11.8,8.3,22.8,0.8,0.0,,10.4,,1011.2,,AUS
2025-02-16,9.7,2.2,13.3,0.0,0.0,,21.6,,1024.0,,AUS
2025-02-17,6.4,-2.7,17.2,0.0,0.0,,12.6,,1021.9,,AUS
2025-02-18,14.1,-1.0,16.7,2.0,0.0,,18.0,,1015.7,,AUS
2025-02-19,-2.3,-6.0,-1.0,0.0,0.0,,31.7,,1031.2,,AUS
2025-02-20,-3.2,-7.1,2.2,0.0,0.0,,24.5,,1034.9,,AUS
2025-02-21,0.9,-0.5,3.3,0.0,0.0,,18.4,,1034.0,,AUS
2025-02-22,1.8,-1.0,5.6,1.3,0.0,,15.8,,1029.9,,AUS
2025-02-23,8.4,5.0,18.3,0.3,0.0,,6.1,,1021.3,,AUS
2025-02-24,11.9,1.7,24.4,0.0,0.0,,9.4,,1017.3,,AUS
2025-02-25,13.6,3.3,25.0,0.0,0.0,,12.6,,1014.4,,AUS
2025-02-26,19.7,13.9,27.8,0.0,0.0,,18.4,,1011.5,,AUS
2025-02-27,17.9,9.4,20.6,0.0,0.0,,17.3,,1020.9,,AUS
2025-02-28,14.2,3.9,25.0,0.0,0.0,,3.2,,1018.9,,AUS
2025-03-01,16.7,5.6,28.9,0.0,0.0,,6.1,,1015.7,,AUS
2025-03-02,19.1,10.6,27.2,0.0,0.0,,20.2,,1014.1,,AUS
2025-03-03,21.8,19.4,26.1,0.0,0.0,,22.3,,1009.6,,AUS
2025-03-04,21.2,12.2,24.4,5.6,0.0,,23.0,,1003.5,,AUS
2025-03-05,17.2,5.6,22.2,0.0,0.0,,15.1,,1017.7,,AUS
2025-03-06,12.3,1.7,23.9,0.0,0.0,,16.2,,1015.7,,AUS
2025-03-07,19.7,15.0,27.8,0.0,0.0,,13.0,,1009.2,,AUS
2025-03-08,21.4,8.9,27.2,0.0,0.0,,19.4,,1010.3,,AUS
2025-03-09,11.6,5.6,18.3,0.0,0.0,,19.1,,1020.2,,AUS
2025-03-10,12.5,0.6,25.6,0.0,0.0,,10.4,,1019.6,,AUS
2025-03-11,16.4,1.1,28.3,0.0,0.0,,15.5,,1013.4,,AUS
2025-03-12,20.8,12.8,31.7,0.0,0.0,,16.9,,1009.1,,AUS
2025-03-13,20.8,7.2,33.3,0.0,0.0,,11.9,,1008.6,,AUS
2025-03-14,24.4,18.9,36.1,0.0,0.0,,17.6,,1000.3,,AUS
2025-03-15,22.7,15.0,25.0,0.8,0.0,,20.9,,1001.0,,AUS
2025-03-16,16.7,1.7,27.2,0.0,0.0,,6.8,,1016.5,,AUS
2025-03-17,14.8,1.1,29.4,0.0,0.0,,16.6,,1022.3,,AUS
2025-03-18,20.0,11.1,29.4,0.0,0.0,,26.6,,1012.8,,AUS
2025-03-19,22.0,11.1,26.1,0.0,0.0,,22.7,,1014.6,,AUS
2025-03-20,14.6,3.9,21.7,0.0,0.0,,14.0,,1026.1,,AUS
2025-03-21,12.7,0.0,26.1,0.0,0.0,,14.8,,1018.8,,AUS
2025-03-22,18.8,8.3,29.4,0.0,0.0,,18.4,,1014.8,,AUS
2025-03-23,23.1,15.6,31.1,19.0,0.0,,17.6,,1011.0,,AUS
2025-03-24,21.2,14.4,28.9,0.0,0.0,,8.6,,1015.2,,AUS
2025-03-25,21.9,13.3,31.7,0.0,0.0,,9.0,,1017.3,,AUS
2025-03-26,23.0,16.7,27.2,2.0,0.0,,12.6,,1019.2,,AUS
2025-03-27,18.7,17.2,20.0,8.4,0.0,,10.8,,1016.8,,AUS
2025-03-28,19.1,16.7,22.8,1.3,0.0,,8.6,,1012.2,,AUS
2025-03-29,21.9,18.3,30.6,0.0,0.0,,14.4,,1007.8,,AUS
2025-03-30,22.9,17.8,25.6,0.0,0.0,,9.4,,1007.5,,AUS
2025-03-31,21.1,15.0,25.6,0.0,0.0,,16.2,,1011.1,,AUS
2025-01-01,5.4,-2.1,6.7,0.0,0.0,,11.9,,1024.5,,BNA
2025-01-02,1.1,-3.8,9.4,0.0,0.0,,5.0,,1028.0,,BNA
2025-01-03,4.9,-1.0,6.7,0.0,0.0,,13.3,,1026.9,,BNA
2025-01-04,1.1,-1.6,6.1,0.0,0.0,,7.6,,1029.1,,BNA
2025-01-05,3.6,1.1,13.3,30.2,0.0,,13.0,,1015.2,,BNA
2025-01-06,3.9,-2.7,13.3,0.0,0.0,,21.6,,1016.2,,BNA
2025-01-07,-1.7,-2.7,0.0,0.0,0.0,,15.5,,1030.5,,BNA
2025-01-08,-1.9,-6.6,1.1,0.0,0.0,,12.6,,1029.6,,BNA
2025-01-09,-3.9,-8.2,2.2,0.0,0.0,,3.6,,1027.1,,BNA
2025-01-10,-0.1,-1.6,0.6,10.2,8.0,,8.3,,1015.2,,BNA
2025-01-11,0.0,-4.3,1.7,0.0,8.0,,8.3,,1015.4,,BNA
2025-01-12,-0.7,-6.6,7.8,0.0,5.0,,10.4,,1018.5,,BNA
2025-01-13,3.1,-3.8,6.7,0.0,0.0,,9.4,,1024.4,,BNA
2025-01-14,-0.3,-7.7,10.0,0.0,0.0,,10.8,,1029.4,,BNA
2025-01-15,-0.4,-6.0,6.1,0.0,0.0,,6.5,,1031.4,,BNA
2025-01-16,3.9,-2.7,12.8,0.0,0.0,,11.9,,1021.0,,BNA
2025-01-17,5.9,-2.7,16.7,2.5,0.0,,14.4,,1016.2,,BNA
2025-01-18,8.8,1.7,10.6,5.8,0.0,,14.0,,1010.3,,BNA
2025-01-19,-0.1,-10.5,1.7,0.3,0.0,,21.6,,1021.8,,BNA
2025-01-20,-9.2,-13.2,-4.9,0.0,0.0,,10.8,,1036.3,,BNA
2025-01-21,-6.8,-12.1,-2.7,0.0,0.0,,10.8,,1036.7,,BNA
2025-01-22,-8.3,-13.2,0.6,0.0,0.0,,7.6,,1031.2,,BNA
2025-01-23,-1.0,-6.0,7.8,0.0,0.0,,9.4,,1027.0,,BNA
2025-01-24,0.1,-4.9,3.9,0.0,0.0,,9.7,,1028.3,,BNA
2025-01-25,0.6,-6.0,11.7,0.0,0.0,,12.2,,1028.9,,BNA
2025-01-26,5.2,1.1,10.0,0.3,0.0,,5.4,,1027.2,,BNA
2025-01-27,5.2,0.6,10.0,0.3,0.0,,9.7,,1022.0,,BNA
2025-01-28,5.8,-1.6,15.6,0.0,0.0,,10.1,,1017.0,,BNA
2025-01-29,11.5,5.0,18.9,0.0,0.0,,9.4,,1017.8,,BNA
2025-01-30,7.8,4.4,16.1,20.1,0.0,,10.1,,1016.7,,BNA
2025-01-31,15.2,10.0,18.3,9.4,0.0,,15.1,,1009.7,,BNA
2025-02-01,10.0,4.4,10.6,0.0,0.0,,9.4,,1022.3,,BNA
2025-02-02,10.2,2.8,20.0,0.0,0.0,,12.2,,1020.3,,BNA
2025-02-03,15.4,8.3,23.3,0.0,0.0,,16.6,,1017.2,,BNA
2025-02-04,15.6,10.0,18.3,0.0,0.0,,11.5,,1021.8,,BNA
2025-02-05,11.8,9.4,21.1,0.0,0.0,,6.8,,1019.0,,BNA
2025-02-06,20.1,7.2,22.8,0.5,0.0,,17.3,,1015.2,,BNA
2025-02-07,9.0,5.6,11.1,0.0,0.0,,13.3,,1023.0,,BNA
2025-02-08,13.9,6.7,22.2,0.0,0.0,,18.0,,1014.6,,BNA
2025-02-09,8.1,2.8,8.3,1.5,0.0,,16.6,,1024.9,,BNA
2025-02-10,4.3,0.0,11.1,0.8,0.0,,13.7,,1028.9,,BNA
2025-02-11,5.4,3.3,6.7,42.4,0.0,,10.1,,1016.8,,BNA
2025-02-12,7.4,4.4,13.9,12.4,0.0,,10.8,,1009.6,,BNA
2025-02-13,5.6,-3.2,8.3,0.8,0.0,,16.9,,1026.4,,BNA
2025-02-14,-0.8,-4.3,8.9,0.0,0.0,,10.4,,1033.0,,BNA
2025-02-15,9.8,6.1,20.0,73.7,0.0,,20.5,,1011.9,,BNA
2025-02-16,8.3,-1.0,15.0,17.8,0.0,,19.1,,1013.4,,BNA
2025-02-17,-0.3,-3.2,5.0,0.0,0.0,,11.2,,1027.4,,BNA
2025-02-18,0.4,-3.2,3.9,1.5,0.0,,19.1,,1026.8,,BNA
2025-02-19,-3.6,-7.1,-2.1,2.0,5.0,,19.8,,1027.6,,BNA
2025-02-20,-6.8,-9.9,-4.3,0.3,3.0,,18.0,,1033.7,,BNA
2025-02-21,-6.4,-11.0,2.2,0.0,0.0,,10.4,,1037.7,,BNA
2025-02-22,-1.3,-7.1,6.7,0.0,0.0,,5.0,,1030.2,,BNA
2025-02-23,1.7,-5.5,11.7,0.0,0.0,,4.3,,1023.8,,BNA
2025-02-24,5.9,-3.2,18.3,0.0,0.0,,6.8,,1017.1,,BNA
2025-02-25,13.4,4.4,23.9,0.0,0.0,,8.3,,1012.8,,BNA
2025-02-26,14.2,3.3,26.7,0.0,0.0,,12.6,,1013.1,,BNA
2025-02-27,16.6,9.4,19.4,0.0,0.0,,15.5,,1015.8,,BNA
2025-02-28,12.3,1.1,21.7,0.0,0.0,,12.6,,1013.9,,BNA
2025-03-01,13.2,0.0,17.2,0.0,0.0,,21.2,,1015.6,,BNA
2025-03-02,1.9,-2.7,8.3,0.0,0.0,,7.9,,1024.8,,BNA
2025-03-03,5.6,-2.7,18.3,0.0,0.0,,4.7,,1021.6,,BNA
2025-03-04,15.0,8.3,23.3,12.2,0.0,,31.7,,1007.6,,BNA
2025-03-05,11.4,2.2,14.4,0.8,0.0,,25.6,,1000.9,,BNA
2025-03-06,4.9,2.2,11.7,0.0,0.0,,12.6,,1015.7,,BNA
2025-03-07,8.5,2.8,17.8,0.0,0.0,,15.5,,1012.5,,BNA
2025-03-08,14.3,7.8,17.8,0.0,0.0,,16.9,,1015.9,,BNA
2025-03-09,10.8,5.0,18.9,0.0,0.0,,7.9,,1017.7,,BNA
2025-03-10,11.8,2.2,21.1,0.0,0.0,,8.6,,1013.9,,BNA
2025-03-11,14.0,3.3,26.1,0.0,0.0,,11.9,,1011.9,,BNA
2025-03-12,18.4,11.1,26.1,0.0,0.0,,13.7,,1010.8,,BNA
2025-03-13,19.1,12.8,26.7,0.0,0.0,,10.1,,1010.2,,BNA
2025-03-14,19.6,13.3,26.7,0.0,0.0,,24.8,,1008.2,,BNA
2025-03-15,19.2,14.4,21.7,95.3,0.0,,23.0,,1000.0,,BNA
2025-03-16,13.8,4.4,17.2,0.0,0.0,,14.8,,1007.1,,BNA
2025-03-17,6.9,1.1,15.6,0.0,0.0,,7.9,,1023.3,,BNA
2025-03-18,13.0,3.9,25.0,0.0,0.0,,18.0,,1017.8,,BNA
2025-03-19,18.8,12.2,23.3,4.6,0.0,,25.9,,1008.5,,BNA
2025-03-20,10.4,0.6,12.2,0.0,0.0,,15.1,,1014.1,,BNA
2025-03-21,6.3,-2.1,16.7,0.0,0.0,,12.2,,1019.5,,BNA
2025-03-22,13.8,8.3,20.6,0.0,0.0,,13.0,,1017.4,,BNA
2025-03-23,14.3,4.4,24.4,8.9,0.0,,18.4,,1014.1,,BNA
2025-03-24,15.6,7.8,20.6,0.0,0.0,,13.7,,1015.5,,BNA
2025-03-25,16.5,10.0,22.8,0.0,0.0,,20.2,,1016.3,,BNA
2025-03-26,14.6,8.9,20.0,0.0,0.0,,10.1,,1023.5,,BNA
2025-03-27,16.1,8.9,26.1,0.0,0.0,,13.7,,1023.9,,BNA
2025-03-28,20.8,17.8,27.2,0.0,0.0,,18.4,,1020.8,,BNA
2025-03-29,21.2,17.8,24.4,0.0,0.0,,20.2,,1016.8,,BNA
2025-03-30,20.3,16.7,23.3,11.9,0.0,,20.9,,1011.4,,BNA
2025-03-31,15.9,7.2,18.9,3.6,0.0,,14.4,,1011.4,,BNA
2025-01-01,6.9,4.4,8.3,15.7,0.0,,21.2,,998.3,,BOS
2025-01-02,4.4,1.1,6.7,0.0,0.0,,35.3,,1003.2,,BOS
2025-01-03,1.8,-1.0,3.9,0.0,0.0,,27.7,,1005.9,,BOS
2025-01-04,-1.4,-2.8,-0.6,0.0,0.0,,24.5,,1005.6,,BOS
2025-01-05,-0.9,-6.0,1.1,0.0,0.0,,24.8,,1010.5,,BOS
2025-01-06,-5.4,-8.2,-3.8,0.0,0.0,,22.0,,1008.5,,BOS
2025-01-07,-6.3,-8.8,-2.7,0.0,0.0,,32.8,,1002.4,,BOS
2025-01-08,-4.2,-8.2,-1.0,0.0,0.0,,33.8,,1003.1,,BOS
2025-01-09,-5.9,-8.2,-2.1,0.0,0.0,,37.8,,1000.0,,BOS
2025-01-10,-1.2,-4.3,6.1,0.0,0.0,,20.9,,1007.5,,BOS
2025-01-11,-0.7,-3.2,0.6,3.3,0.0,,13.7,,1001.0,,BOS
2025-01-12,-1.4,-3.8,2.8,0.0,5.0,,15.5,,1012.1,,BOS
2025-01-13,1.1,-2.1,3.9,0.0,2.0,,12.2,,1012.6,,BOS
2025-01-14,-0.1,-4.3,1.1,0.0,0.0,,27.4,,1010.2,,BOS
2025-01-15,-3.6,-5.5,-0.5,0.0,0.0,,24.8,,1014.6,,BOS
2025-01-16,-3.9,-6.0,-0.5,0.0,0.0,,14.0,,1013.6,,BOS
2025-01-17,-2.2,-5.5,3.3,0.0,0.0,,11.9,,1015.6,,BOS
2025-01-18,1.1,-3.2,6.7,6.6,0.0,,13.7,,1014.9,,BOS
2025-01-19,4.5,-1.6,7.8,9.4,0.0,,15.1,,1006.6,,BOS
2025-01-20,-4.0,-8.8,-1.6,0.3,15.0,,24.5,,1017.3,,BOS
2025-01-21,-8.2,-10.5,-7.1,0.0,13.0,,17.3,,1031.2,,BOS
2025-01-22,-9.0,-12.1,-5.5,0.0,10.0,,13.0,,1031.5,,BOS
2025-01-23,-5.9,-8.8,-1.0,0.0,10.0,,17.3,,1024.3,,BOS
2025-01-24,-3.5,-6.6,0.6,0.0,8.0,,16.6,,1019.4,,BOS
2025-01-25,-4.2,-7.1,-1.0,0.0,8.0,,19.1,,1024.0,,BOS
2025-01-26,-0.7,-4.3,5.0,0.0,8.0,,22.3,,1017.5,,BOS
2025-01-27,0.2,-3.2,4.4,0.0,8.0,,25.9,,1009.9,,BOS
2025-01-28,1.4,-3.2,3.9,0.0,8.0,,25.6,,999.4,,BOS
2025-01-29,-0.2,-5.5,8.9,1.5,8.0,,23.4,,997.6,,BOS
2025-01-30,-3.3,-6.6,-1.6,0.0,5.0,,20.5,,1019.1,,BOS
2025-01-31,0.7,-3.2,6.1,18.3,2.0,,14.0,,1012.7,,BOS
2025-02-01,-0.6,-10.5,1.1,1.0,0.0,,22.3,,1016.5,,BOS
2025-02-02,-8.3,-12.7,-1.6,2.5,0.0,,12.2,,1033.4,,BOS
2025-02-03,0.6,-1.6,6.1,1.3,5.0,,15.5,,1016.7,,BOS
2025-02-04,4.1,-4.9,6.7,0.0,0.0,,24.1,,1011.7,,BOS
2025-02-05,-4.7,-7.7,-2.1,0.0,0.0,,16.9,,1027.4,,BOS
2025-02-06,-3.5,-7.1,1.1,6.1,0.0,,13.7,,1017.4,,BOS
2025-02-07,1.7,-2.7,4.4,0.3,0.0,,24.1,,1010.2,,BOS
2025-02-08,-1.3,-3.8,2.2,1.5,0.0,,13.7,,1022.4,,BOS
2025-02-09,-1.8,-3.8,0.0,8.9,8.0,,14.8,,1016.3,,BOS
2025-02-10,-1.0,-5.5,2.2,0.0,8.0,,17.3,,1025.6,,BOS
2025-02-11,-3.3,-7.1,0.0,0.0,8.0,,16.9,,1027.5,,BOS
2025-02-12,-1.3,-4.3,0.6,0.0,8.0,,21.6,,1027.1,,BOS
2025-02-13,1.8,0.0,4.4,10.9,8.0,,24.1,,1013.3,,BOS
2025-02-14,0.3,-3.8,1.1,0.0,5.0,,28.4,,1026.3,,BOS
2025-02-15,-3.2,-5.5,-1.0,7.6,5.0,,13.3,,1029.9,,BOS
2025-02-16,-0.5,-3.2,2.8,37.8,13.0,,27.0,,1000.3,,BOS
2025-02-17,-1.9,-6.6,0.0,0.0,13.0,,40.7,,999.0,,BOS
2025-02-18,-5.8,-7.7,-3.2,0.0,13.0,,33.8,,1013.0,,BOS
2025-02-19,-5.5,-8.8,-0.5,0.0,13.0,,20.9,,1019.7,,BOS
2025-02-20,-4.6,-8.2,-1.0,0.0,10.0,,14.8,,1012.7,,BOS
2025-02-21,-2.6,-5.5,1.1,0.0,10.0,,27.7,,1015.1,,BOS
2025-02-22,-3.4,-7.7,2.2,0.0,10.0,,19.8,,1022.9,,BOS
2025-02-23,1.1,-2.1,6.1,0.0,10.0,,17.3,,1017.1,,BOS
2025-02-24,2.3,-1.6,6.1,0.0,10.0,,16.9,,1017.5,,BOS
2025-02-25,5.7,3.3,11.7,0.0,8.0,,18.4,,1008.3,,BOS
2025-02-26,7.7,4.4,11.7,0.0,5.0,,19.4,,1008.8,,BOS
2025-02-27,5.7,2.2,10.6,1.8,2.0,,16.2,,1007.4,,BOS
2025-02-28,6.7,2.2,8.3,0.0,0.0,,22.0,,1002.8,,BOS
2025-03-01,5.8,-3.8,11.1,0.0,0.0,,26.6,,1000.8,,BOS
2025-03-02,-3.8,-8.2,-1.0,0.0,0.0,,27.7,,1013.8,,BOS
2025-03-03,-5.9,-11.0,0.6,0.0,0.0,,16.2,,1022.8,,BOS
2025-03-04,2.2,-2.1,10.6,0.0,0.0,,25.6,,1020.6,,BOS
2025-03-05,8.7,5.6,13.3,8.1,0.0,,24.5,,1010.1,,BOS
2025-03-06,11.4,2.2,13.3,13.2,0.0,,23.0,,989.9,,BOS
2025-03-07,3.1,-1.6,6.1,0.0,0.0,,41.4,,994.9,,BOS
2025-03-08,2.2,-0.5,5.0,0.0,0.0,,32.0,,999.9,,BOS
2025-03-09,2.3,-1.0,7.8,0.0,0.0,,23.8,,1008.7,,BOS
2025-03-10,7.9,0.6,16.7,0.0,0.0,,18.4,,1008.7,,BOS
2025-03-11,8.6,1.1,16.7,0.0,0.0,,20.5,,1007.7,,BOS
2025-03-12,7.2,0.6,10.0,0.0,0.0,,17.3,,1014.2,,BOS
2025-03-13,3.5,1.1,6.7,0.0,0.0,,16.9,,1021.7,,BOS
2025-03-14,4.2,1.7,7.8,0.0,0.0,,11.2,,1021.6,,BOS
2025-03-15,7.1,3.3,16.7,0.0,0.0,,15.1,,1020.0,,BOS
2025-03-16,11.7,7.2,20.6,0.3,0.0,,26.3,,1016.6,,BOS
2025-03-17,13.9,5.0,16.1,45.0,0.0,,19.8,,1009.3,,BOS
2025-03-18,5.9,3.3,9.4,0.0,0.0,,16.6,,1016.2,,BOS
2025-03-19,4.7,2.2,7.2,0.0,0.0,,13.3,,1019.4,,BOS
2025-03-20,5.1,3.3,10.6,0.0,0.0,,11.9,,1010.9,,BOS
2025-03-21,7.0,4.4,8.3,10.2,0.0,,29.2,,998.6,,BOS
2025-03-22,8.6,3.3,16.7,0.0,0.0,,24.8,,1004.4,,BOS
2025-03-23,3.8,-1.6,7.8,0.0,0.0,,23.8,,1015.3,,BOS
2025-03-24,3.4,1.1,5.6,20.1,0.0,,16.9,,1013.9,,BOS
2025-03-25,6.6,2.2,12.2,0.0,0.0,,11.5,,1010.3,,BOS
2025-03-26,6.3,3.3,9.4,0.0,0.0,,12.2,,1015.1,,BOS
2025-03-27,5.2,0.6,10.6,0.0,0.0,,20.9,,1018.6,,BOS
2025-03-28,8.6,2.8,15.6,0.0,0.0,,18.7,,1018.5,,BOS
2025-03-29,5.4,1.1,8.9,1.0,0.0,,21.2,,1018.8,,BOS
2025-03-30,3.2,1.7,5.6,0.5,0.0,,15.5,,1022.8,,BOS
2025-03-31,8.8,4.4,16.7,5.8,0.0,,16.2,,1007.6,,BOS
2025-01-01,8.1,3.9,10.6,0.0,0.0,,24.8,,1007.1,,BWI
2025-01-02,3.4,-1.6,5.0,0.0,0.0,,20.9,,1019.2,,BWI
2025-01-03,0.8,-3.2,5.6,0.8,0.0,,15.1,,1015.5,,BWI
2025-01-04,-1.4,-5.5,0.6,0.0,0.0,,28.4,,1017.7,,BWI
2025-01-05,-3.2,-7.1,0.6,0.0,0.0,,14.8,,1021.4,,BWI
2025-01-06,-2.3,-3.8,-0.5,18.5,8.0,,13.0,,1011.0,,BWI
2025-01-07,-2.5,-6.6,1.1,0.0,10.0,,24.5,,1016.6,,BWI
2025-01-08,-2.2,-5.5,-0.5,0.0,5.0,,24.1,,1018.6,,BWI
2025-01-09,-4.2,-6.6,-0.5,0.0,2.0,,27.4,,1016.5,,BWI
2025-01-10,-3.2,-7.1,1.1,0.3,2.0,,10.8,,1016.5,,BWI
2025-01-11,-1.1,-3.2,1.7,2.0,8.0,,14.8,,1005.5,,BWI
2025-01-12,-0.1,-5.5,5.6,0.0,5.0,,7.9,,1017.4,,BWI
2025-01-13,0.9,-4.3,7.8,0.0,,,8.3,,1016.4,,BWI
2025-01-14,-0.5,-4.3,1.1,0.0,,,18.4,,1020.3,,BWI
2025-01-15,-3.4,-7.1,-0.5,0.0,,,20.5,,1025.5,,BWI
2025-01-16,-4.7,-11.0,0.6,0.0,0.0,,6.1,,1016.3,,BWI
2025-01-17,1.1,-5.5,6.7,0.0,0.0,,7.6,,1018.9,,BWI
2025-01-18,2.3,-0.5,6.7,0.3,0.0,,3.6,,1012.5,,BWI
2025-01-19,1.7,-3.2,4.4,5.8,0.0,,10.8,,1009.2,,BWI
2025-01-20,-4.3,-10.5,-2.1,0.0,2.0,,16.9,,1026.5,,BWI
2025-01-21,-9.2,-11.6,-6.6,0.0,2.0,,8.6,,1034.9,,BWI
2025-01-22,-8.9,-12.1,-5.5,0.0,2.0,,5.4,,1033.3,,BWI
2025-01-23,-8.5,-14.3,-1.0,0.0,0.0,,4.3,,1025.7,,BWI
2025-01-24,-3.7,-9.9,3.3,0.0,0.0,,7.2,,1023.8,,BWI
2025-01-25,-3.1,-10.5,3.3,0.0,0.0,,5.0,,1027.3,,BWI
2025-01-26,1.7,-4.9,8.9,0.0,0.0,,5.8,,1022.5,,BWI
2025-01-27,1.9,-6.6,9.4,0.0,0.0,,9.0,,1015.7,,BWI
2025-01-28,4.2,-2.1,10.0,0.0,0.0,,14.0,,1005.7,,BWI
2025-01-29,7.2,3.3,14.4,0.0,0.0,,20.2,,1004.2,,BWI
2025-01-30,4.7,-2.7,8.3,0.0,0.0,,6.1,,1021.6,,BWI
2025-01-31,6.7,3.9,11.7,12.2,0.0,,7.9,,1011.9,,BWI
2025-02-01,8.2,-2.1,11.1,0.0,0.0,,16.6,,1018.5,,BWI
2025-02-02,-1.7,-5.5,1.7,0.0,0.0,,7.9,,1030.0,,BWI
2025-02-03,2.4,-3.8,10.0,0.0,0.0,,1.4,,1018.2,,BWI
2025-02-04,8.9,1.7,16.1,0.0,0.0,,13.0,,1016.2,,BWI
2025-02-05,2.7,0.6,3.9,1.0,0.0,,8.6,,1028.0,,BWI
2025-02-06,1.7,0.0,6.1,9.7,0.0,,7.6,,1015.8,,BWI
2025-02-07,5.7,-0.5,10.0,0.0,0.0,,16.9,,1016.7,,BWI
2025-02-08,0.9,-2.1,1.7,1.3,0.0,,7.9,,1022.6,,BWI
2025-02-09,2.8,0.0,7.2,0.5,0.0,,15.5,,1018.4,,BWI
2025-02-10,3.3,0.6,7.2,0.0,0.0,,9.4,,1029.0,,BWI
2025-02-11,0.3,-2.7,2.2,10.2,0.0,,6.1,,1028.1,,BWI
2025-02-12,-0.4,-1.0,1.7,5.8,10.0,,11.9,,1021.8,,BWI
2025-02-13,3.5,0.6,12.8,2.3,3.0,,16.6,,1015.2,,BWI
2025-02-14,2.3,-1.6,5.6,0.0,0.0,,16.2,,1034.2,,BWI
2025-02-15,1.5,-0.5,4.4,10.7,0.0,,7.2,,1025.6,,BWI
2025-02-16,6.1,2.2,16.1,16.5,0.0,,21.6,,998.2,,BWI
2025-02-17,2.3,-1.6,5.0,0.0,0.0,,30.2,,1014.4,,BWI
2025-02-18,-2.0,-6.6,0.6,0.0,0.0,,21.2,,1024.8,,BWI
2025-02-19,-5.6,-8.2,-3.2,0.0,0.0,,10.1,,1027.9,,BWI
2025-02-20,-4.7,-6.6,-1.0,0.0,0.0,,22.0,,1019.3,,BWI
2025-02-21,-1.6,-4.9,3.9,0.0,0.0,,22.0,,1026.9,,BWI
2025-02-22,-1.3,-8.8,6.7,0.0,0.0,,7.2,,1028.2,,BWI
2025-02-23,2.6,-6.6,10.6,0.0,0.0,,6.5,,1020.9,,BWI
2025-02-24,5.4,-1.6,14.4,0.0,0.0,,6.1,,1016.9,,BWI
2025-02-25,9.1,0.0,18.9,0.0,0.0,,4.7,,1009.2,,BWI
2025-02-26,9.9,1.1,18.9,0.0,0.0,,10.4,,1013.0,,BWI
2025-02-27,10.3,6.1,16.7,0.8,0.0,,9.4,,1006.7,,BWI
2025-02-28,9.3,5.0,12.8,0.0,0.0,,16.2,,1007.8,,BWI
2025-03-01,10.4,-2.1,18.9,0.0,0.0,,24.8,,1003.6,,BWI
2025-03-02,-1.2,-6.6,3.9,0.0,0.0,,15.5,,1021.1,,BWI
2025-03-03,0.4,-5.5,7.2,0.0,0.0,,6.8,,1025.0,,BWI
2025-03-04,6.5,-2.1,17.8,0.0,0.0,,10.1,,1020.5,,BWI
2025-03-05,12.2,10.0,15.0,25.7,0.0,,16.2,,1001.8,,BWI
2025-03-06,8.8,3.3,11.7,0.0,0.0,,28.1,,998.1,,BWI
2025-03-07,5.8,1.1,13.3,0.0,0.0,,18.4,,1008.8,,BWI
2025-03-08,7.9,1.7,10.6,0.0,0.0,,16.9,,1008.5,,BWI
2025-03-09,6.1,-2.1,15.6,0.0,0.0,,14.8,,1015.1,,BWI
2025-03-10,11.4,3.3,19.4,0.0,0.0,,7.9,,1012.2,,BWI
2025-03-11,11.6,0.6,22.8,0.0,0.0,,6.5,,1008.2,,BWI
2025-03-12,13.4,5.6,17.8,0.0,0.0,,15.1,,1012.0,,BWI
2025-03-13,7.7,5.6,11.7,0.0,0.0,,13.0,,1015.9,,BWI
2025-03-14,7.3,5.0,9.4,0.0,0.0,,9.4,,1020.0,,BWI
2025-03-15,8.2,6.7,13.9,0.0,0.0,,8.6,,1017.8,,BWI
2025-03-16,15.0,11.1,21.7,4.8,0.0,,13.7,,1009.9,,BWI
2025-03-17,13.1,2.2,15.0,2.5,0.0,,19.8,,1012.5,,BWI
2025-03-18,9.1,1.1,20.0,0.0,0.0,,11.2,,1018.5,,BWI
2025-03-19,11.8,1.1,22.2,0.0,0.0,,9.4,,1016.0,,BWI
2025-03-20,14.1,7.2,22.2,20.1,0.0,,16.9,,1005.2,,BWI
2025-03-21,9.3,3.9,13.9,0.0,0.0,,23.0,,1009.5,,BWI
2025-03-22,11.3,1.7,19.4,0.0,0.0,,15.8,,1009.9,,BWI
2025-03-23,8.1,0.6,13.9,0.0,0.0,,13.0,,1019.9,,BWI
2025-03-24,9.9,7.2,14.4,3.0,0.0,,7.9,,1010.3,,BWI
2025-03-25,12.2,7.8,17.8,0.0,0.0,,15.5,,1012.4,,BWI
2025-03-26,10.0,2.2,12.2,0.0,0.0,,17.6,,1018.2,,BWI
2025-03-27,6.3,-1.0,14.4,0.0,0.0,,11.2,,1025.3,,BWI
2025-03-28,11.4,2.2,20.0,0.0,0.0,,6.5,,1021.6,,BWI
2025-03-29,20.4,13.9,29.4,0.0,,,13.7,,1016.9,,BWI
2025-03-30,20.9,12.2,28.3,0.0,,,13.0,,1015.0,,BWI
2025-03-31,22.5,16.7,30.0,23.4,,,15.5,,1005.4,,BWI
2025-01-01,10.3,3.3,13.3,0.0,0.0,,14.8,,1017.1,,CLT
2025-01-02,4.4,-1.6,9.4,0.0,0.0,,7.9,,1025.9,,CLT
2025-01-03,4.2,-2.1,11.7,0.0,0.0,,15.5,,1022.2,,CLT
2025-01-04,2.2,-2.1,6.7,0.0,0.0,,9.4,,1025.2,,CLT
2025-01-05,1.1,-4.9,5.6,0.3,0.0,,4.3,,1024.4,,CLT
2025-01-06,3.4,0.0,5.6,9.7,0.0,,11.5,,1010.0,,CLT
2025-01-07,1.8,-3.2,7.8,0.0,0.0,,11.9,,1023.1,,CLT
2025-01-08,-0.4,-6.0,6.1,0.0,0.0,,9.7,,1023.5,,CLT
2025-01-09,-1.1,-5.5,4.4,0.0,0.0,,14.8,,1023.8,,CLT
2025-01-10,-1.6,-4.9,1.1,8.9,0.0,,5.4,,1019.2,,CLT
2025-01-11,0.9,-2.1,6.1,1.0,0.0,,11.2,,1011.1,,CLT
2025-01-12,0.3,-5.5,6.7,0.0,0.0,,4.3,,1021.2,,CLT
2025-01-13,3.9,-1.0,12.2,0.0,0.0,,4.7,,1021.8,,CLT
2025-01-14,4.6,-1.0,10.6,0.0,0.0,,11.9,,1024.7,,CLT
2025-01-15,4.1,-3.2,7.8,0.0,0.0,,8.3,,1028.2,,CLT
2025-01-16,2.3,-4.9,12.2,0.0,0.0,,11.2,,1020.7,,CLT
2025-01-17,6.4,-1.6,12.8,0.0,0.0,,7.9,,1020.8,,CLT
2025-01-18,7.3,5.0,10.6,1.0,0.0,,10.4,,1014.0,,CLT
2025-01-19,9.8,-0.5,15.0,2.8,0.0,,13.7,,1010.7,,CLT
2025-01-20,-0.3,-4.3,2.8,0.0,0.0,,10.8,,1029.3,,CLT
2025-01-21,-4.3,-6.7,-2.8,0.5,0.0,,9.0,,1034.4,,CLT
2025-01-22,-4.2,-7.7,0.0,0.0,0.0,,9.4,,1032.4,,CLT
2025-01-23,-2.7,-7.1,3.9,0.0,0.0,,5.0,,1028.3,,CLT
2025-01-24,-0.1,-6.6,7.2,0.0,0.0,,6.8,,1026.9,,CLT
2025-01-25,1.8,-6.6,11.1,0.0,0.0,,7.2,,1030.8,,CLT
2025-01-26,4.2,-2.7,12.2,0.0,0.0,,6.5,,1028.6,,CLT
2025-01-27,6.7,4.4,8.9,3.6,0.0,,8.3,,1020.2,,CLT
2025-01-28,7.8,0.6,15.6,0.0,0.0,,10.8,,1014.5,,CLT
2025-01-29,10.9,3.9,21.1,0.0,0.0,,15.1,,1013.6,,CLT
2025-01-30,11.8,2.8,16.7,0.0,0.0,,8.3,,1022.7,,CLT
2025-01-31,13.8,8.9,20.6,12.7,0.0,,14.0,,1015.3,,CLT
2025-02-01,12.9,5.0,18.3,0.0,0.0,,10.4,,1020.0,,CLT
2025-02-02,10.6,6.1,15.6,0.0,0.0,,8.6,,1027.2,,CLT
2025-02-03,9.7,1.7,20.6,0.0,0.0,,7.9,,1022.7,,CLT
2025-02-04,17.3,11.1,26.7,0.0,0.0,,10.4,,1019.5,,CLT
2025-02-05,12.8,7.8,14.4,0.0,0.0,,13.0,,1023.9,,CLT
2025-02-06,11.7,7.8,21.1,0.0,0.0,,11.9,,1019.6,,CLT
2025-02-07,18.4,14.4,23.9,0.5,0.0,,9.0,,1019.4,,CLT
2025-02-08,14.7,10.6,16.7,0.3,0.0,,8.3,,1020.0,,CLT
2025-02-09,19.1,11.7,26.7,2.5,0.0,,13.3,,1017.2,,CLT
2025-02-10,10.6,4.4,11.7,0.0,0.0,,14.4,,1027.3,,CLT
2025-02-11,4.7,1.7,5.6,5.3,0.0,,13.0,,1025.4,,CLT
2025-02-12,2.5,1.7,3.9,38.6,0.0,,11.9,,1019.6,,CLT
2025-02-13,5.6,2.8,11.7,13.7,0.0,,10.8,,1020.2,,CLT
2025-02-14,5.9,0.6,10.6,0.0,0.0,,10.1,,1035.2,,CLT
2025-02-15,5.5,3.9,6.7,6.9,0.0,,5.0,,1025.2,,CLT
2025-02-16,11.1,2.8,20.6,10.2,0.0,,20.9,,1006.9,,CLT
2025-02-17,4.6,-1.0,10.0,0.0,0.0,,10.8,,1022.0,,CLT
2025-02-18,4.5,-2.1,12.2,0.0,0.0,,5.8,,1025.1,,CLT
2025-02-19,3.8,-1.0,5.6,0.3,0.0,,13.3,,1023.8,,CLT
2025-02-20,-0.4,-4.9,4.4,0.5,0.0,,15.1,,1023.4,,CLT
2025-02-21,-0.9,-7.1,9.4,0.0,0.0,,7.6,,1032.8,,CLT
2025-02-22,3.5,-4.9,11.7,0.0,0.0,,7.2,,1030.3,,CLT
2025-02-23,7.4,-1.6,13.9,0.0,0.0,,4.7,,1023.0,,CLT
2025-02-24,8.2,-0.5,18.3,0.0,0.0,,6.1,,1018.8,,CLT
2025-02-25,12.3,2.2,23.3,0.0,0.0,,6.8,,1012.6,,CLT
2025-02-26,14.2,4.4,23.9,0.0,0.0,,7.2,,1015.6,,CLT
2025-02-27,16.9,10.0,23.9,0.0,0.0,,15.1,,1012.1,,CLT
2025-02-28,13.1,5.6,19.4,0.0,0.0,,10.8,,1013.6,,CLT
2025-03-01,15.2,8.3,23.3,0.0,0.0,,18.7,,1008.1,,CLT
2025-03-02,7.3,0.6,10.6,0.0,0.0,,11.9,,1021.3,,CLT
2025-03-03,6.4,-1.6,15.0,0.0,0.0,,7.6,,1024.9,,CLT
2025-03-04,10.4,2.2,19.4,0.0,0.0,,14.8,,1022.1,,CLT
2025-03-05,16.3,10.0,20.0,21.3,0.0,,27.4,,1002.2,,CLT
2025-03-06,9.1,3.9,12.2,0.0,0.0,,21.6,,1007.7,,CLT
2025-03-07,5.7,0.0,13.3,0.0,0.0,,10.1,,1016.2,,CLT
2025-03-08,15.0,8.9,24.4,0.0,0.0,,19.8,,1011.2,,CLT
2025-03-09,10.9,7.2,14.4,0.0,0.0,,7.9,,1019.4,,CLT
2025-03-10,9.3,5.6,12.8,4.6,0.0,,10.1,,1013.2,,CLT
2025-03-11,12.2,2.8,23.3,0.0,0.0,,8.3,,1012.5,,CLT
2025-03-12,16.1,5.6,26.1,0.0,0.0,,7.2,,1013.2,,CLT
2025-03-13,17.9,10.0,24.4,0.0,0.0,,4.7,,1013.5,,CLT
2025-03-14,16.1,9.4,23.9,0.0,0.0,,11.9,,1016.8,,CLT
2025-03-15,16.7,12.8,22.2,0.0,0.0,,15.5,,1015.0,,CLT
2025-03-16,20.6,17.2,25.0,15.7,0.0,,21.6,,1008.7,,CLT
2025-03-17,15.8,6.7,17.2,0.0,0.0,,18.0,,1014.6,,CLT
2025-03-18,12.0,2.8,22.8,0.0,0.0,,8.3,,1021.9,,CLT
2025-03-19,17.1,3.3,27.2,0.0,0.0,,12.6,,1016.7,,CLT
2025-03-20,17.9,7.2,22.2,0.0,0.0,,22.3,,1007.8,,CLT
2025-03-21,9.9,3.3,18.3,0.0,0.0,,13.0,,1017.2,,CLT
2025-03-22,14.7,6.7,23.9,0.0,0.0,,14.0,,1016.0,,CLT
2025-03-23,14.8,3.9,22.8,0.0,0.0,,10.4,,1019.6,,CLT
2025-03-24,16.7,9.4,21.1,10.2,0.0,,14.8,,1013.5,,CLT
2025-03-25,15.3,7.2,24.4,0.0,0.0,,15.1,,1015.7,,CLT
2025-03-26,15.3,7.8,21.1,0.0,0.0,,10.8,,1021.4,,CLT
2025-03-27,12.7,4.4,20.0,0.0,0.0,,8.3,,1027.6,,CLT
2025-03-28,17.5,11.1,26.1,0.0,0.0,,14.4,,1026.4,,CLT
2025-03-29,20.3,15.0,25.0,0.0,0.0,,14.8,,1024.0,,CLT
2025-03-30,20.5,16.1,26.1,1.5,0.0,,13.3,,1019.7,,CLT
2025-03-31,19.4,16.7,24.4,14.7,0.0,,13.7,,1011.6,,CLT
2025-01-01,7.6,3.3,11.7,0.0,0.0,,6.5,,1026.9,,DAL
2025-01-02,8.2,3.3,15.0,0.0,0.0,,9.7,,1024.7,,DAL
2025-01-03,10.7,5.0,17.8,0.0,0.0,,6.5,,1026.7,,DAL
2025-01-04,15.3,12.8,20.0,0.0,0.0,,20.9,,1017.8,,DAL
2025-01-05,12.6,-3.8,20.0,0.0,0.0,,34.6,,1015.0,,DAL
2025-01-06,-1.8,-6.0,4.4,0.0,0.0,,22.0,,1030.0,,DAL
2025-01-07,-0.3,-4.3,5.0,0.0,0.0,,13.3,,1033.3,,DAL
2025-01-08,0.7,-2.7,4.4,0.0,0.0,,10.4,,1034.1,,DAL
2025-01-09,1.3,-0.5,2.8,44.5,0.0,,8.3,,1022.2,,DAL
2025-01-10,0.7,-1.0,3.3,1.3,2.0,,15.1,,1019.6,,DAL
2025-01-11,3.3,-3.8,12.8,0.0,0.0,,13.3,,1014.6,,DAL
2025-01-12,7.1,1.7,11.1,0.0,0.0,,13.7,,1015.3,,DAL
2025-01-13,5.3,-2.1,11.1,0.0,0.0,,10.4,,1028.1,,DAL
2025-01-14,5.3,-1.6,13.3,0.0,0.0,,3.6,,1029.3,,DAL
2025-01-15,6.9,0.0,16.1,0.0,0.0,,4.0,,1030.1,,DAL
2025-01-16,8.2,0.6,17.8,0.0,0.0,,6.8,,1026.7,,DAL
2025-01-17,11.4,8.3,17.2,0.0,0.0,,18.0,,1010.0,,DAL
2025-01-18,9.4,-1.6,14.4,0.0,0.0,,26.3,,1015.4,,DAL
2025-01-19,-1.4,-5.5,1.7,0.0,0.0,,21.2,,1032.4,,DAL
2025-01-20,-2.4,-5.5,1.1,0.0,0.0,,12.2,,1035.0,,DAL
2025-01-21,-1.9,-5.5,0.6,0.0,0.0,,13.0,,1039.1,,DAL
2025-01-22,0.7,-4.3,10.6,0.0,0.0,,14.8,,1027.2,,DAL
2025-01-23,4.1,-3.2,10.6,0.0,0.0,,12.2,,1031.4,,DAL
2025-01-24,4.5,-3.2,13.9,0.0,0.0,,11.2,,1028.2,,DAL
2025-01-25,8.2,2.8,13.3,0.0,0.0,,17.6,,1022.7,,DAL
2025-01-26,9.2,5.6,10.6,0.3,0.0,,9.4,,1024.5,,DAL
2025-01-27,5.3,-0.5,12.2,0.0,0.0,,8.3,,1025.1,,DAL
2025-01-28,10.8,8.3,15.0,0.0,0.0,,5.0,,1020.0,,DAL
2025-01-29,12.9,11.1,16.1,61.0,0.0,,9.7,,1014.9,,DAL
2025-01-30,16.0,13.3,20.0,43.9,0.0,,12.6,,1009.0,,DAL
2025-01-31,13.8,7.8,18.9,0.0,0.0,,16.9,,1015.9,,DAL
2025-02-01,11.8,3.3,21.7,0.0,0.0,,9.7,,1020.0,,DAL
2025-02-02,16.5,9.4,25.6,0.0,0.0,,14.8,,1015.2,,DAL
2025-02-03,20.2,14.4,27.2,0.0,0.0,,15.5,,1014.0,,DAL
2025-02-04,17.5,10.0,20.0,0.0,0.0,,12.2,,1019.1,,DAL
2025-02-05,12.8,8.9,23.9,0.3,0.0,,9.4,,1015.9,,DAL
2025-02-06,22.3,12.2,28.3,0.0,0.0,,13.7,,1013.1,,DAL
2025-02-07,16.1,10.6,25.0,0.0,0.0,,8.6,,1015.3,,DAL
2025-02-08,22.3,10.0,30.6,0.0,0.0,,21.6,,1013.1,,DAL
2025-02-09,9.2,6.1,10.0,0.0,0.0,,14.0,,1022.4,,DAL
2025-02-10,5.9,4.4,6.7,6.4,0.0,,9.4,,1023.3,,DAL
2025-02-11,6.4,5.6,7.8,10.4,0.0,,11.2,,1015.0,,DAL
2025-02-12,5.4,-1.0,7.8,27.2,0.0,,19.4,,1011.0,,DAL
2025-02-13,-0.7,-4.9,3.3,0.0,0.0,,14.8,,1030.0,,DAL
2025-02-14,5.6,2.8,12.2,0.0,0.0,,13.7,,1024.6,,DAL
2025-02-15,10.9,2.2,22.2,0.3,0.0,,20.2,,1010.7,,DAL
2025-02-16,3.4,-1.0,8.3,0.0,0.0,,19.4,,1025.6,,DAL
2025-02-17,4.9,-0.5,12.8,0.0,0.0,,14.0,,1021.9,,DAL
2025-02-18,8.6,-7.1,11.1,0.5,0.0,,19.8,,1018.8,,DAL
2025-02-19,-7.1,-9.9,-2.1,0.0,0.0,,27.7,,1033.9,,DAL
2025-02-20,-6.2,-10.5,0.0,0.0,0.0,,15.5,,1036.8,,DAL
2025-02-21,-2.7,-4.9,0.6,0.0,0.0,,7.2,,1035.7,,DAL
2025-02-22,2.8,-2.7,11.1,0.0,0.0,,4.0,,1029.6,,DAL
2025-02-23,9.1,4.4,17.8,4.1,0.0,,6.1,,1021.1,,DAL
2025-02-24,11.6,5.0,21.7,0.0,,,11.5,,1016.6,,DAL
2025-02-25,16.7,9.4,25.6,0.0,,,15.5,,1013.2,,DAL
2025-02-26,19.4,13.3,26.7,0.0,,,16.9,,1011.2,,DAL
2025-02-27,17.1,10.0,22.2,4.8,,,10.8,,1022.5,,DAL
2025-02-28,14.7,6.1,23.9,0.0,,,7.6,,1017.9,,DAL
2025-03-01,17.8,8.3,26.7,0.0,0.0,,8.3,,1015.8,,DAL
2025-03-02,18.4,12.8,24.4,8.1,0.0,,19.8,,1015.0,,DAL
2025-03-03,15.1,12.2,20.6,0.0,0.0,,20.9,,1010.0,,DAL
2025-03-04,18.1,7.8,21.7,15.5,0.0,,36.0,,998.9,,DAL
2025-03-05,11.1,5.6,16.7,0.0,0.0,,24.5,,1016.7,,DAL
2025-03-06,11.6,6.1,18.3,0.0,0.0,,16.2,,1015.3,,DAL
2025-03-07,18.6,13.9,27.8,0.0,0.0,,12.2,,1008.4,,DAL
2025-03-08,13.7,6.7,18.3,6.6,0.0,,17.6,,1014.1,,DAL
2025-03-09,8.2,6.1,13.9,1.5,0.0,,14.4,,1019.8,,DAL
2025-03-10,11.9,3.3,23.3,0.0,0.0,,7.6,,1017.9,,DAL
2025-03-11,18.8,10.0,27.2,0.0,0.0,,14.4,,1010.5,,DAL
2025-03-12,21.2,15.6,28.3,0.0,0.0,,13.7,,1006.8,,DAL
2025-03-13,21.8,12.2,30.6,0.0,0.0,,10.8,,1006.2,,DAL
2025-03-14,23.9,17.8,30.6,0.0,0.0,,21.6,,998.7,,DAL
2025-03-15,20.2,10.0,21.7,0.0,0.0,,20.2,,999.5,,DAL
2025-03-16,13.2,5.6,21.1,0.0,0.0,,7.6,,1016.6,,DAL
2025-03-17,18.6,12.2,28.3,0.0,0.0,,20.5,,1020.1,,DAL
2025-03-18,21.1,15.0,27.8,0.0,0.0,,29.2,,1010.0,,DAL
2025-03-19,18.9,8.9,21.7,0.0,0.0,,32.4,,1013.7,,DAL
2025-03-20,11.3,5.0,18.3,0.0,0.0,,15.1,,1025.4,,DAL
2025-03-21,14.8,8.3,24.4,0.0,0.0,,17.6,,1017.1,,DAL
2025-03-22,19.7,12.8,27.2,0.0,0.0,,19.8,,1013.2,,DAL
2025-03-23,22.6,17.2,28.3,0.0,0.0,,18.4,,1010.6,,DAL
2025-03-24,19.1,9.4,27.2,0.0,0.0,,7.9,,1016.2,,DAL
2025-03-25,22.2,14.4,31.7,0.0,0.0,,9.0,,1017.0,,DAL
2025-03-26,23.2,19.4,27.2,0.0,0.0,,16.2,,1020.1,,DAL
2025-03-27,20.7,16.1,26.7,2.0,,,15.8,,1018.2,,DAL
2025-03-28,18.8,17.2,22.8,5.8,,,15.1,,1012.5,,DAL
2025-03-29,20.9,17.8,27.8,0.8,0.0,,18.0,,1007.1,,DAL
2025-03-30,23.2,14.4,28.3,0.0,,,19.8,,1007.1,,DAL
2025-03-31,16.7,10.6,22.8,0.0,0.0,,11.2,,1013.1,,DAL
2025-01-01,8.5,5.0,10.6,0.0,,,20.4,,1008.2,,DCA
2025-01-02,4.5,3.3,7.2,0.0,,,19.2,,1020.1,,DCA
2025-01-03,2.3,-0.6,7.2,1.4,,,15.3,,1016.0,,DCA
2025-01-04,-0.8,-2.8,1.1,0.0,0.0,,26.0,,1019.0,,DCA
2025-01-05,-0.4,-4.4,2.8,0.0,0.0,,11.2,,1021.9,,DCA
2025-01-06,-1.5,-2.2,1.1,23.2,23.0,,15.1,,1010.9,,DCA
2025-01-07,-1.7,-5.6,1.7,0.0,23.0,,25.9,,1017.6,,DCA
2025-01-08,-1.6,-3.3,1.1,0.0,13.0,,21.6,,1019.6,,DCA
2025-01-09,-2.0,-5.0,1.1,0.0,8.0,,24.8,,1017.7,,DCA
2025-01-10,-1.0,-3.9,1.7,0.2,5.0,,14.5,,1017.1,,DCA
2025-01-11,0.6,-1.7,3.9,2.8,5.0,,17.5,,1005.9,,DCA
2025-01-12,1.6,-2.2,5.6,0.0,3.0,,8.4,,1017.9,,DCA
2025-01-13,3.2,-1.7,10.0,0.0,3.0,,9.0,,1016.9,,DCA
2025-01-14,0.6,-1.7,3.3,0.0,3.0,,20.4,,1020.6,,DCA
2025-01-15,-2.4,-5.0,0.6,0.0,0.0,,20.7,,1026.5,,DCA
2025-01-16,-1.7,-6.1,2.8,0.3,0.0,,11.4,,1016.5,,DCA
2025-01-17,2.9,-0.6,7.2,0.0,0.0,,10.2,,1019.2,,DCA
2025-01-18,3.5,1.1,7.2,0.8,,,10.4,,1012.5,,DCA
2025-01-19,2.1,-1.7,5.0,8.4,,,14.8,,1009.4,,DCA
2025-01-20,-4.0,-8.3,-1.7,0.0,0.0,,19.5,,1027.2,,DCA
2025-01-21,-7.0,-8.9,-5.6,0.0,0.0,,11.0,,1034.9,,DCA
2025-01-22,-6.9,-9.4,-4.4,0.0,0.0,,12.2,,1033.3,,DCA
2025-01-23,-5.0,-9.4,-0.6,0.0,0.0,,8.2,,1025.8,,DCA
2025-01-24,-1.1,-6.1,3.9,0.0,,,8.4,,1023.9,,DCA
2025-01-25,-0.1,-5.0,5.0,0.0,,,10.9,,1027.5,,DCA
2025-01-26,3.8,0.6,10.0,0.0,,,7.2,,1022.8,,DCA
2025-01-27,3.2,-2.8,10.6,0.0,,,9.3,,1016.0,,DCA
2025-01-28,5.4,0.6,12.2,0.0,,,12.3,,1006.2,,DCA
2025-01-29,9.9,3.9,16.7,0.0,,,19.6,,1004.8,,DCA
2025-01-30,7.4,1.7,12.2,0.0,,,9.8,,1021.5,,DCA
2025-01-31,8.5,5.6,11.7,19.8,,,15.2,,1012.2,,DCA
2025-02-01,9.6,0.0,11.7,0.0,0.0,,21.6,,1018.6,,DCA
2025-02-02,0.9,-2.7,4.4,0.0,0.0,,10.8,,1029.8,,DCA
2025-02-03,4.8,0.6,11.7,0.0,0.0,,6.1,,1018.2,,DCA
2025-02-04,10.6,4.4,17.8,0.0,0.0,,20.2,,1016.4,,DCA
2025-02-05,4.4,1.1,5.0,1.3,0.0,,10.1,,1028.0,,DCA
2025-02-06,3.2,1.1,8.9,21.6,0.0,,11.2,,1015.9,,DCA
2025-02-07,8.1,3.3,12.2,0.0,0.0,,18.0,,1016.9,,DCA
2025-02-08,3.2,0.6,3.3,1.3,0.0,,10.4,,1022.7,,DCA
2025-02-09,4.2,1.1,8.9,0.0,0.0,,18.0,,1018.7,,DCA
2025-02-10,4.7,2.2,8.3,0.0,0.0,,14.4,,1029.2,,DCA
2025-02-11,2.0,-0.5,3.9,15.2,0.0,,9.0,,1028.0,,DCA
2025-02-12,0.8,0.0,2.8,3.6,15.0,,11.9,,1021.7,,DCA
2025-02-13,4.6,2.2,13.9,4.8,5.0,,14.8,,1015.7,,DCA
2025-02-14,3.8,0.6,6.7,0.0,0.0,,15.5,,1034.7,,DCA
2025-02-15,3.1,1.7,5.0,11.9,0.0,,10.1,,1025.4,,DCA
2025-02-16,7.7,3.9,18.9,11.9,0.0,,22.7,,998.8,,DCA
2025-02-17,3.9,0.0,6.7,0.0,0.0,,26.6,,1015.5,,DCA
2025-02-18,0.2,-4.9,3.3,0.0,0.0,,20.9,,1025.1,,DCA
2025-02-19,-4.4,-6.0,-2.7,0.0,0.0,,14.0,,1028.2,,DCA
2025-02-20,-2.8,-4.3,0.0,0.0,0.0,,25.9,,1020.0,,DCA
2025-02-21,-0.4,-2.7,5.0,0.0,0.0,,26.3,,1027.8,,DCA
2025-02-22,0.6,-4.3,6.1,0.0,0.0,,11.2,,1028.6,,DCA
2025-02-23,4.4,-2.7,12.2,0.0,0.0,,9.4,,1021.2,,DCA
2025-02-24,6.9,1.7,14.4,0.0,0.0,,10.8,,1017.0,,DCA
2025-02-25,10.6,3.3,20.6,0.0,0.0,,8.6,,1009.4,,DCA
2025-02-26,11.4,2.8,20.0,0.0,0.0,,13.3,,1013.1,,DCA
2025-02-27,12.8,8.3,20.0,0.5,0.0,,13.0,,1006.7,,DCA
2025-02-28,11.3,7.8,14.4,0.0,0.0,,18.4,,1008.4,,DCA
2025-03-01,11.4,-1.0,20.6,0.0,0.0,,29.2,,1004.1,,DCA
2025-03-02,0.2,-4.9,5.6,0.0,0.0,,19.1,,1021.6,,DCA
2025-03-03,2.6,-1.0,8.3,0.0,0.0,,12.2,,1025.1,,DCA
2025-03-04,8.3,2.2,18.3,0.0,0.0,,18.7,,1020.5,,DCA
2025-03-05,14.1,11.7,17.2,17.8,0.0,,21.6,,1001.2,,DCA
2025-03-06,9.7,5.0,13.9,0.0,0.0,,27.0,,999.2,,DCA
2025-03-07,7.2,3.3,13.9,0.0,0.0,,18.7,,1009.7,,DCA
2025-03-08,9.2,3.9,12.2,0.0,0.0,,18.0,,1009.0,,DCA
2025-03-09,7.9,1.1,16.7,0.0,0.0,,13.7,,1015.8,,DCA
2025-03-10,11.3,5.6,19.4,0.0,0.0,,11.2,,1012.6,,DCA
2025-03-11,12.7,5.0,22.8,0.0,0.0,,10.8,,1008.5,,DCA
2025-03-12,14.8,7.2,19.4,0.0,0.0,,14.4,,1011.7,,DCA
2025-03-13,9.1,7.2,12.2,0.0,0.0,,11.9,,1015.7,,DCA
2025-03-14,8.8,6.7,10.6,0.0,0.0,,10.8,,1019.9,,DCA
2025-03-15,10.2,7.8,16.1,0.0,0.0,,12.6,,1017.6,,DCA
2025-03-16,17.3,12.8,23.3,5.3,0.0,,25.9,,1009.4,,DCA
2025-03-17,14.3,5.0,15.0,1.8,0.0,,27.4,,1012.7,,DCA
2025-03-18,10.4,3.9,20.6,0.0,0.0,,13.0,,1018.9,,DCA
2025-03-19,14.6,6.7,24.4,0.0,0.0,,13.0,,1015.8,,DCA
2025-03-20,16.6,10.6,26.1,9.4,0.0,,19.4,,1005.2,,DCA
2025-03-21,10.7,5.0,16.1,0.0,0.0,,25.6,,1010.4,,DCA
2025-03-22,13.3,7.2,20.6,0.0,0.0,,18.7,,1010.4,,DCA
2025-03-23,10.2,4.4,15.6,0.0,0.0,,17.3,,1019.8,,DCA
2025-03-24,11.5,9.4,15.6,3.6,0.0,,9.7,,1010.3,,DCA
2025-03-25,14.3,10.6,18.9,0.0,0.0,,16.2,,1012.8,,DCA
2025-03-26,11.5,5.6,13.3,0.0,0.0,,21.6,,1018.8,,DCA
2025-03-27,9.1,3.3,16.1,0.0,0.0,,13.0,,1025.6,,DCA
2025-03-28,13.9,8.3,23.9,0.0,0.0,,10.4,,1021.7,,DCA
2025-03-29,20.1,15.6,30.0,0.0,,,15.1,,1017.5,,DCA
2025-03-30,22.3,18.3,28.3,0.0,,,20.9,,1015.0,,DCA
2025-03-31,23.1,16.1,29.4,25.4,,,24.1,,1005.7,,DCA
2025-01-01,-4.4,-11.6,5.0,0.0,0.0,,15.1,,1020.8,,DEN
2025-01-02,0.1,-7.7,10.0,0.0,0.0,,11.5,,1021.4,,DEN
2025-01-03,-1.6,-7.7,10.0,0.0,0.0,,7.2,,1021.5,,DEN
2025-01-04,-4.6,-9.3,-4.3,0.5,0.0,,10.1,,1013.8,,DEN
2025-01-05,-7.7,-11.6,-2.7,0.0,0.0,,7.6,,1024.5,,DEN
2025-01-06,-4.4,-8.8,2.8,0.3,0.0,,15.5,,1025.6,,DEN
2025-01-07,-4.7,-11.0,-3.8,4.6,2.0,,14.0,,1032.1,,DEN
2025-01-08,-6.5,-14.3,4.4,0.0,5.0,,15.8,,1025.4,,DEN
2025-01-09,-3.4,-9.3,-0.5,0.0,5.0,,30.6,,1025.0,,DEN
2025-01-10,-5.1,-9.9,5.0,0.0,2.0,,19.4,,1018.6,,DEN
2025-01-11,2.8,-4.9,7.2,0.0,0.0,,17.3,,1007.3,,DEN
2025-01-12,-1.8,-7.1,3.9,0.0,0.0,,10.8,,1018.6,,DEN
2025-01-13,-3.7,-9.9,2.8,0.0,0.0,,16.2,,1023.1,,DEN
2025-01-14,-4.1,-12.7,3.9,0.0,0.0,,14.4,,1027.1,,DEN
2025-01-15,-1.0,-6.6,9.4,0.0,0.0,,15.5,,1028.2,,DEN
2025-01-16,2.6,-4.3,16.1,0.0,0.0,,11.9,,1017.4,,DEN
2025-01-17,4.6,-8.2,10.6,0.8,0.0,,24.5,,1006.6,,DEN
2025-01-18,-8.9,-23.2,-8.2,1.0,5.0,,16.2,,1026.7,,DEN
2025-01-19,-16.2,-23.8,-7.1,0.5,5.0,,15.1,,1028.7,,DEN
2025-01-20,-15.3,-25.5,-12.1,0.8,8.0,,14.8,,1034.4,,DEN
2025-01-21,-10.7,-18.8,5.6,0.0,8.0,,26.3,,1023.7,,DEN
2025-01-22,-2.4,-8.8,-0.5,0.0,5.0,,22.7,,1025.3,,DEN
2025-01-23,-6.3,-11.0,-1.6,0.0,5.0,,11.2,,1030.1,,DEN
2025-01-24,-0.8,-4.9,10.6,0.0,2.0,,15.8,,1015.3,,DEN
2025-01-25,-4.8,-8.8,-2.7,4.1,5.0,,15.5,,1025.0,,DEN
2025-01-26,-8.1,-12.1,-4.9,0.0,5.0,,12.2,,1027.0,,DEN
2025-01-27,-3.9,-12.1,10.6,0.0,2.0,,12.2,,1022.3,,DEN
2025-01-28,0.2,-7.1,9.4,0.0,2.0,,12.2,,1018.0,,DEN
2025-01-29,1.6,-4.3,9.4,0.0,0.0,,11.5,,1014.5,,DEN
2025-01-30,2.6,-2.1,8.9,0.8,0.0,,13.7,,1010.2,,DEN
2025-01-31,3.9,-3.2,14.4,0.0,0.0,,22.3,,1015.2,,DEN
2025-02-01,7.9,0.0,13.3,0.0,0.0,,12.2,,1009.1,,DEN
2025-02-02,7.3,0.6,19.4,0.0,0.0,,14.4,,1007.3,,DEN
2025-02-03,12.1,-6.6,20.0,0.0,0.0,,18.4,,1010.3,,DEN
2025-02-04,-4.3,-6.6,2.2,0.0,0.0,,7.2,,1017.3,,DEN
2025-02-05,2.3,-8.8,18.3,0.0,0.0,,23.0,,1007.4,,DEN
2025-02-06,5.4,-3.8,9.4,0.0,0.0,,21.6,,1012.0,,DEN
2025-02-07,3.4,-5.5,17.2,0.0,0.0,,14.4,,1007.2,,DEN
2025-02-08,0.8,-7.1,5.6,0.0,0.0,,22.7,,1016.4,,DEN
2025-02-09,-1.3,-7.7,3.9,0.0,0.0,,15.8,,1023.4,,DEN
2025-02-10,-4.3,-12.7,1.7,0.0,0.0,,20.5,,1021.0,,DEN
2025-02-11,-11.2,-14.9,-9.3,0.5,0.0,,17.6,,1016.1,,DEN
2025-02-12,-14.4,-19.9,-12.1,0.5,3.0,,11.2,,1017.6,,DEN
2025-02-13,-10.2,-19.3,8.3,0.0,3.0,,12.2,,1018.0,,DEN
2025-02-14,0.1,-6.6,14.4,0.3,0.0,,13.0,,1005.8,,DEN
2025-02-15,-1.2,-16.6,0.6,2.8,0.0,,14.8,,1015.8,,DEN
2025-02-16,-9.2,-16.6,2.8,0.0,5.0,,15.1,,1020.6,,DEN
2025-02-17,-5.3,-14.9,-2.1,0.3,0.0,,14.0,,1014.1,,DEN
2025-02-18,-12.4,-18.8,-11.0,0.5,0.0,,13.0,,1024.2,,DEN
2025-02-19,-15.4,-21.6,-6.0,0.0,3.0,,10.4,,1031.7,,DEN
2025-02-20,-10.6,-15.5,-3.2,0.0,3.0,,8.6,,1024.7,,DEN
2025-02-21,-2.8,-6.0,5.0,0.8,3.0,,11.9,,1024.4,,DEN
2025-02-22,1.9,-6.0,15.0,0.0,0.0,,14.4,,1020.1,,DEN
2025-02-23,8.3,1.1,19.4,0.0,0.0,,19.1,,1014.9,,DEN
2025-02-24,12.7,1.7,19.4,0.0,0.0,,14.8,,1012.1,,DEN
2025-02-25,12.2,3.9,21.1,0.0,0.0,,28.1,,1009.7,,DEN
2025-02-26,5.2,-4.9,10.0,0.0,0.0,,13.0,,1020.8,,DEN
2025-02-27,4.8,-4.3,17.8,0.0,0.0,,16.2,,1023.4,,DEN
2025-02-28,10.0,-2.7,17.8,0.0,0.0,,18.7,,1015.8,,DEN
2025-03-01,6.8,-1.0,17.8,0.0,0.0,,16.2,,1015.0,,DEN
2025-03-02,7.3,-1.0,19.4,0.0,0.0,,10.8,,1006.4,,DEN
2025-03-03,10.3,1.7,18.3,4.1,0.0,,25.9,,996.5,,DEN
2025-03-04,4.4,-6.0,8.3,0.0,0.0,,35.3,,1007.6,,DEN
2025-03-05,0.2,-8.2,11.1,0.0,0.0,,17.6,,1014.4,,DEN
2025-03-06,4.9,-1.6,12.2,0.0,0.0,,15.1,,999.9,,DEN
2025-03-07,0.2,-4.3,0.6,0.0,0.0,,15.1,,1012.0,,DEN
2025-03-08,0.5,-4.9,11.1,0.0,0.0,,14.0,,1021.1,,DEN
2025-03-09,6.7,-2.7,20.0,0.0,0.0,,16.9,,1018.2,,DEN
2025-03-10,12.1,1.7,22.2,0.0,0.0,,15.5,,1008.9,,DEN
2025-03-11,11.3,-0.5,20.6,0.0,0.0,,13.3,,1004.2,,DEN
2025-03-12,11.3,0.0,18.9,0.0,0.0,,12.2,,1004.5,,DEN
2025-03-13,10.3,1.7,19.4,0.0,0.0,,13.7,,997.9,,DEN
2025-03-14,7.8,-3.2,12.2,1.5,0.0,,24.1,,988.0,,DEN
2025-03-15,1.1,-7.1,7.2,0.0,0.0,,9.4,,1004.0,,DEN
2025-03-16,5.0,-1.0,17.8,0.0,0.0,,19.8,,1010.4,,DEN
2025-03-17,13.6,0.6,23.3,0.0,0.0,,25.9,,1005.4,,DEN
2025-03-18,13.3,-2.7,18.3,0.8,0.0,,35.3,,996.9,,DEN
2025-03-19,0.2,-5.5,6.1,0.0,0.0,,27.4,,1020.9,,DEN
2025-03-20,3.0,-3.2,15.0,0.0,0.0,,23.4,,1015.5,,DEN
2025-03-21,7.1,-1.6,13.3,0.0,0.0,,14.8,,1011.9,,DEN
2025-03-22,8.2,-2.1,17.2,0.0,0.0,,25.2,,1006.2,,DEN
2025-03-23,6.2,-4.3,16.7,0.0,0.0,,11.9,,1014.4,,DEN
2025-03-24,12.6,3.9,21.1,0.0,0.0,,28.8,,1012.8,,DEN
2025-03-25,13.7,4.4,21.1,0.0,0.0,,11.2,,1019.5,,DEN
2025-03-26,12.2,3.3,23.9,0.0,0.0,,13.7,,1015.9,,DEN
2025-03-27,15.7,7.8,24.4,0.0,0.0,,18.0,,1008.4,,DEN
2025-03-28,16.5,7.8,25.0,1.3,0.0,,19.1,,1000.7,,DEN
2025-03-29,11.3,0.0,15.0,24.4,0.0,,16.9,,1004.8,,DEN
2025-03-30,3.6,0.6,10.0,0.0,0.0,,13.0,,1010.6,,DEN
2025-03-31,6.2,-0.5,16.7,0.0,0.0,,14.4,,1007.6,,DEN
2025-01-01,6.4,2.8,10.0,0.0,0.0,,11.2,,1026.4,,DFW
2025-01-02,8.5,2.8,15.6,0.0,0.0,,9.2,,1024.1,,DFW
2025-01-03,11.6,5.0,17.2,0.0,0.0,,8.3,,1026.2,,DFW
2025-01-04,15.5,12.8,19.4,0.0,0.0,,22.0,,1017.1,,DFW
2025-01-05,8.5,-3.3,19.4,0.2,0.0,,38.2,,1014.5,,DFW
2025-01-06,-1.3,-6.1,4.4,0.0,0.0,,25.1,,1029.4,,DFW
2025-01-07,-0.4,-3.9,3.9,0.0,0.0,,17.1,,1032.7,,DFW
2025-01-08,0.4,-2.8,4.4,0.0,0.0,,13.5,,1033.8,,DFW
2025-01-09,0.8,-0.6,2.2,35.2,0.0,,9.2,,1021.7,,DFW
2025-01-10,1.0,-0.6,3.3,1.8,2.0,,19.8,,1019.0,,DFW
2025-01-11,4.2,-4.4,12.2,0.0,0.0,,18.8,,1013.7,,DFW
2025-01-12,6.4,1.1,11.1,0.0,0.0,,18.9,,1014.7,,DFW
2025-01-13,4.5,-1.7,10.6,0.0,0.0,,14.6,,1027.6,,DFW
2025-01-14,5.9,-1.1,13.3,0.0,0.0,,4.1,,1028.7,,DFW
2025-01-15,7.5,0.6,16.1,0.0,0.0,,7.9,,1029.5,,DFW
2025-01-16,8.5,1.7,16.7,0.0,0.0,,10.5,,1026.1,,DFW
2025-01-17,11.9,5.6,17.2,1.3,0.0,,24.9,,1009.2,,DFW
2025-01-18,6.1,-1.7,15.0,0.0,0.0,,31.8,,1015.1,,DFW
2025-01-19,-2.7,-5.6,1.1,0.0,0.0,,24.7,,1031.8,,DFW
2025-01-20,-2.3,-5.6,0.6,0.0,0.0,,15.8,,1034.2,,DFW
2025-01-21,-2.6,-6.1,0.6,0.0,0.0,,17.5,,1038.6,,DFW
2025-01-22,1.9,-4.4,10.6,0.0,0.0,,20.6,,1026.7,,DFW
2025-01-23,3.7,-2.2,10.0,0.0,0.0,,15.9,,1031.2,,DFW
2025-01-24,5.3,-4.4,14.4,0.0,0.0,,18.1,,1027.7,,DFW
2025-01-25,8.9,2.8,14.4,0.0,0.0,,23.1,,1022.1,,DFW
2025-01-26,8.0,5.6,10.0,0.0,0.0,,13.1,,1024.4,,DFW
2025-01-27,6.0,0.0,11.1,0.0,0.0,,11.6,,1025.0,,DFW
2025-01-28,11.6,8.9,15.0,0.0,0.0,,6.3,,1019.7,,DFW
2025-01-29,13.4,11.1,16.1,61.7,0.0,,8.7,,1014.7,,DFW
2025-01-30,15.6,12.2,20.6,38.0,0.0,,17.1,,1009.0,,DFW
2025-01-31,13.1,8.9,18.9,0.0,0.0,,22.6,,1015.7,,DFW
2025-02-01,12.6,3.3,21.1,0.0,0.0,,12.7,,1019.7,,DFW
2025-02-02,17.0,8.9,25.6,0.0,0.0,,19.6,,1014.7,,DFW
2025-02-03,20.3,13.9,28.3,0.0,0.0,,21.9,,1013.4,,DFW
2025-02-04,14.5,9.4,19.4,0.3,0.0,,16.6,,1018.8,,DFW
2025-02-05,14.1,8.3,22.8,0.0,0.0,,12.8,,1015.3,,DFW
2025-02-06,20.6,10.6,28.3,0.0,0.0,,19.7,,1012.6,,DFW
2025-02-07,15.0,9.4,22.2,0.0,0.0,,11.6,,1014.9,,DFW
2025-02-08,19.5,9.4,30.0,0.0,0.0,,28.0,,1012.5,,DFW
2025-02-09,7.9,6.1,10.0,0.3,0.0,,18.5,,1022.0,,DFW
2025-02-10,5.5,4.4,6.1,5.4,0.0,,12.1,,1022.7,,DFW
2025-02-11,6.1,5.6,7.2,6.0,0.0,,14.6,,1014.4,,DFW
2025-02-12,4.0,-1.1,6.7,19.7,0.0,,23.6,,1010.7,,DFW
2025-02-13,-0.9,-5.6,2.8,0.0,0.0,,20.1,,1029.4,,DFW
2025-02-14,6.7,2.2,11.7,0.3,0.0,,14.5,,1023.7,,DFW
2025-02-15,10.6,2.2,22.2,0.0,0.0,,22.8,,1010.1,,DFW
2025-02-16,2.6,-1.1,7.8,0.0,0.0,,22.5,,1025.1,,DFW
2025-02-17,6.0,-1.1,13.3,0.0,0.0,,15.3,,1021.2,,DFW
2025-02-18,4.8,-6.7,10.6,1.5,0.0,,25.9,,1018.3,,DFW
2025-02-19,-7.6,-10.6,-2.8,0.0,0.0,,31.8,,1033.3,,DFW
2025-02-20,-5.9,-11.1,-0.6,0.0,0.0,,21.1,,1036.1,,DFW
2025-02-21,-2.3,-5.6,0.6,0.0,0.0,,11.0,,1035.0,,DFW
2025-02-22,3.9,-2.8,10.6,0.0,0.0,,4.2,,1029.0,,DFW
2025-02-23,9.9,4.4,17.8,2.1,0.0,,7.5,,1020.4,,DFW
2025-02-24,12.7,5.0,22.2,0.0,0.0,,13.0,,1015.9,,DFW
2025-02-25,16.5,7.2,26.1,0.0,0.0,,13.7,,1012.5,,DFW
2025-02-26,19.3,13.9,26.7,0.0,0.0,,20.0,,1010.5,,DFW
2025-02-27,15.8,11.1,21.1,0.3,0.0,,15.8,,1022.2,,DFW
2025-02-28,15.3,5.6,23.9,0.0,0.0,,11.4,,1017.4,,DFW
2025-03-01,17.6,9.4,26.1,0.0,0.0,,10.3,,1015.4,,DFW
2025-03-02,17.7,12.8,24.4,5.5,0.0,,24.3,,1014.2,,DFW
2025-03-03,16.1,12.8,20.0,0.0,0.0,,22.0,,1009.1,,DFW
2025-03-04,16.2,10.0,21.7,16.1,0.0,,40.1,,998.3,,DFW
2025-03-05,10.8,6.1,16.1,0.0,0.0,,26.6,,1016.2,,DFW
2025-03-06,12.5,5.6,18.3,0.0,0.0,,15.9,,1014.6,,DFW
2025-03-07,19.7,15.0,27.8,0.0,0.0,,15.6,,1007.6,,DFW
2025-03-08,10.3,6.7,17.8,6.0,0.0,,22.4,,1013.8,,DFW
2025-03-09,8.6,6.1,13.9,0.8,0.0,,17.8,,1019.4,,DFW
2025-03-10,13.4,2.8,23.3,0.0,0.0,,11.4,,1017.2,,DFW
2025-03-11,18.3,8.3,26.7,0.0,0.0,,20.7,,1009.8,,DFW
2025-03-12,21.0,13.9,28.9,0.0,0.0,,22.8,,1006.0,,DFW
2025-03-13,21.6,13.3,29.4,0.0,0.0,,14.6,,1005.7,,DFW
2025-03-14,23.8,17.8,30.0,0.0,0.0,,29.5,,998.0,,DFW
2025-03-15,17.8,13.3,21.7,0.0,0.0,,23.6,,999.1,,DFW
2025-03-16,13.5,5.6,20.6,0.0,0.0,,10.7,,1016.0,,DFW
2025-03-17,19.1,10.0,27.8,0.0,0.0,,23.3,,1019.3,,DFW
2025-03-18,21.3,14.4,27.8,0.0,0.0,,36.0,,1008.9,,DFW
2025-03-19,16.8,10.6,21.1,0.0,0.0,,38.7,,1013.2,,DFW
2025-03-20,11.6,5.6,17.8,0.0,0.0,,17.8,,1024.9,,DFW
2025-03-21,15.8,7.2,25.0,0.0,0.0,,21.6,,1016.3,,DFW
2025-03-22,20.0,11.1,27.2,0.0,0.0,,21.3,,1012.4,,DFW
2025-03-23,21.8,17.2,27.2,0.0,0.0,,26.6,,1010.0,,DFW
2025-03-24,18.4,10.0,26.1,0.0,0.0,,11.0,,1015.8,,DFW
2025-03-25,22.2,13.9,32.2,7.9,0.0,,10.0,,1016.4,,DFW
2025-03-26,21.9,18.9,26.1,0.0,0.0,,17.6,,1019.6,,DFW
2025-03-27,19.4,15.6,26.7,0.0,0.0,,16.5,,1017.6,,DFW
2025-03-28,18.8,16.1,21.7,11.1,0.0,,17.1,,1011.8,,DFW
2025-03-29,22.0,17.2,27.8,0.0,0.0,,21.4,,1006.4,,DFW
2025-03-30,21.8,16.1,28.3,0.8,0.0,,23.7,,1006.6,,DFW
2025-03-31,16.0,10.6,22.2,0.0,0.0,,17.6,,1012.7,,DFW
2025-01-01,0.8,-1.1,2.2,0.6,0.0,,22.0,,1013.7,,DTW
2025-01-02,-1.9,-2.8,-1.1,0.0,0.0,,22.0,,1021.0,,DTW
2025-01-03,-3.2,-5.0,-1.7,0.0,0.0,,22.0,,1018.5,,DTW
2025-01-04,-5.9,-7.2,-4.4,0.0,0.0,,25.4,,1022.2,,DTW
2025-01-05,-7.2,-11.7,-3.9,0.0,0.0,,13.8,,1022.3,,DTW
2025-01-06,-4.6,-6.1,-2.8,0.0,0.0,,19.0,,1018.2,,DTW
2025-01-07,-3.6,-5.6,-1.7,0.0,0.0,,16.5,,1026.4,,DTW
2025-01-08,-4.9,-8.3,-3.3,0.0,0.0,,13.2,,1024.4,,DTW
2025-01-09,-8.6,-13.9,-2.8,0.0,0.0,,8.2,,1025.2,,DTW
2025-01-10,-6.8,-10.0,-3.3,3.9,0.0,,11.6,,1015.8,,DTW
2025-01-11,-2.6,-6.1,0.6,1.1,12.0,,13.1,,1007.6,,DTW
2025-01-12,-1.7,-5.6,1.1,1.0,10.0,,18.3,,1012.4,,DTW
2025-01-13,-4.8,-8.9,1.1,0.0,11.0,,27.6,,1016.0,,DTW
2025-01-14,-9.9,-13.9,-7.2,0.3,9.0,,16.5,,1023.1,,DTW
2025-01-15,-9.3,-15.0,-4.4,0.0,9.0,,18.0,,1027.2,,DTW
2025-01-16,-4.4,-8.3,0.6,0.9,10.0,,16.6,,1011.3,,DTW
2025-01-17,0.3,-5.6,3.9,0.0,11.0,,20.0,,1011.4,,DTW
2025-01-18,-0.1,-6.7,3.3,6.1,8.0,,18.0,,1008.1,,DTW
2025-01-19,-8.0,-12.2,-6.1,0.0,5.0,,13.5,,1018.6,,DTW
2025-01-20,-13.5,-16.1,-10.6,0.0,5.0,,22.6,,1028.8,,DTW
2025-01-21,-15.0,-18.3,-12.8,0.0,3.0,,20.2,,1031.7,,DTW
2025-01-22,-14.6,-20.0,-8.3,0.2,3.0,,20.5,,1027.5,,DTW
2025-01-23,-7.1,-11.1,-3.9,0.8,4.0,,16.6,,1019.9,,DTW
2025-01-24,-8.8,-12.8,-6.1,0.0,4.0,,12.7,,1024.2,,DTW
2025-01-25,-3.8,-11.1,1.7,0.0,4.0,,20.4,,1020.0,,DTW
2025-01-26,-2.7,-6.7,0.0,0.0,4.0,,19.1,,1022.9,,DTW
2025-01-27,-2.9,-9.4,2.8,0.0,4.0,,26.9,,1011.4,,DTW
2025-01-28,1.8,-2.8,5.0,0.1,4.0,,25.1,,1003.2,,DTW
2025-01-29,2.6,-4.4,5.0,0.0,3.0,,22.6,,1006.5,,DTW
2025-01-30,1.6,-5.6,9.4,0.0,2.0,,13.1,,1016.8,,DTW
2025-01-31,2.6,-1.7,4.4,18.8,0.0,,15.4,,1009.2,,DTW
2025-02-01,-4.0,-6.7,-1.7,0.0,0.0,,14.4,,1027.3,,DTW
2025-02-02,-3.0,-5.6,0.0,1.2,0.0,,10.3,,1020.4,,DTW
2025-02-03,1.9,0.0,5.6,0.0,0.0,,7.8,,1013.7,,DTW
2025-02-04,-2.3,-5.0,0.6,0.0,0.0,,13.9,,1026.1,,DTW
2025-02-05,-5.1,-8.3,-3.3,0.0,0.0,,11.4,,1027.9,,DTW
2025-02-06,-1.0,-3.3,1.1,4.3,0.0,,20.1,,1009.8,,DTW
2025-02-07,-4.9,-8.9,0.6,0.0,0.0,,21.5,,1023.0,,DTW
2025-02-08,-4.0,-7.2,-1.7,1.2,0.0,,11.2,,1018.4,,DTW
2025-02-09,-3.8,-8.3,-1.1,0.0,1.0,,16.0,,1023.6,,DTW
2025-02-10,-5.8,-12.2,0.0,0.0,0.0,,10.5,,1031.0,,DTW
2025-02-11,-4.3,-8.9,1.1,0.0,0.0,,5.8,,1026.0,,DTW
2025-02-12,-4.3,-6.1,-2.8,2.8,0.0,,17.4,,1017.2,,DTW
2025-02-13,-4.4,-7.2,-1.1,5.4,5.0,,23.6,,1016.9,,DTW
2025-02-14,-8.9,-16.7,-6.1,0.0,5.0,,12.8,,1035.9,,DTW
2025-02-15,-2.1,-6.1,0.6,3.8,4.0,,8.6,,1016.0,,DTW
2025-02-16,-2.8,-5.6,-0.6,2.6,8.0,,22.6,,1003.5,,DTW
2025-02-17,-8.8,-13.9,-5.0,0.1,8.0,,28.2,,1020.2,,DTW
2025-02-18,-13.3,-18.3,-8.3,0.0,8.0,,17.0,,1030.4,,DTW
2025-02-19,-11.1,-16.7,-8.3,0.0,7.0,,9.3,,1030.9,,DTW
2025-02-20,-8.0,-11.1,-5.0,0.0,8.0,,13.1,,1025.9,,DTW
2025-02-21,-3.7,-6.1,0.0,0.0,8.0,,15.3,,1032.4,,DTW
2025-02-22,-5.3,-9.4,-1.1,0.0,7.0,,21.9,,1024.9,,DTW
2025-02-23,-2.4,-7.2,1.7,0.0,7.0,,13.9,,1019.5,,DTW
2025-02-24,3.4,-2.8,9.4,0.0,6.0,,24.1,,1007.9,,DTW
2025-02-25,6.4,1.7,12.8,3.4,0.0,,15.3,,1007.7,,DTW
2025-02-26,1.0,-3.3,3.3,6.3,0.0,,7.2,,1012.6,,DTW
2025-02-27,3.5,1.7,7.2,1.5,0.0,,18.7,,1007.1,,DTW
2025-02-28,4.6,-3.9,13.3,0.0,0.0,,24.0,,1002.5,,DTW
2025-03-01,-2.9,-5.0,4.4,0.0,0.0,,24.0,,1012.3,,DTW
2025-03-02,-5.0,-9.4,-0.6,0.0,0.0,,10.5,,1023.8,,DTW
2025-03-03,-1.2,-8.3,3.3,0.0,0.0,,12.9,,1021.2,,DTW
2025-03-04,4.1,-0.6,9.4,6.3,0.0,,9.5,,1009.8,,DTW
2025-03-05,8.1,1.7,13.3,19.2,0.0,,25.1,,989.2,,DTW
2025-03-06,-0.6,-2.8,2.8,0.5,0.0,,31.6,,1003.6,,DTW
2025-03-07,-0.3,-4.4,3.9,1.2,0.0,,12.1,,1011.3,,DTW
2025-03-08,-0.5,-5.0,3.9,0.0,0.0,,16.3,,1014.3,,DTW
2025-03-09,6.0,-1.1,13.3,0.0,0.0,,20.7,,1012.8,,DTW
2025-03-10,8.3,0.0,18.9,0.0,0.0,,15.7,,1008.5,,DTW
2025-03-11,8.7,0.6,15.0,0.0,0.0,,18.8,,1006.5,,DTW
2025-03-12,2.8,-2.2,8.3,0.0,0.0,,15.3,,1013.7,,DTW
2025-03-13,4.1,-3.9,14.4,0.0,0.0,,5.0,,1014.3,,DTW
2025-03-14,9.9,0.6,21.7,0.0,0.0,,11.8,,1009.8,,DTW
2025-03-15,16.6,13.9,22.8,5.8,0.0,,30.4,,997.9,,DTW
2025-03-16,9.6,0.0,15.6,0.8,0.0,,24.7,,998.5,,DTW
2025-03-17,1.4,-2.8,8.3,0.0,0.0,,13.7,,1020.3,,DTW
2025-03-18,10.6,1.7,20.6,0.0,0.0,,19.2,,1012.5,,DTW
2025-03-19,17.4,13.9,22.8,0.0,0.0,,25.1,,1002.8,,DTW
2025-03-20,6.4,1.1,13.9,2.0,0.0,,23.8,,1001.9,,DTW
2025-03-21,3.9,-4.4,11.7,0.0,0.0,,23.6,,1012.1,,DTW
2025-03-22,5.0,0.0,8.9,0.0,0.0,,21.7,,1010.0,,DTW
2025-03-23,0.5,-5.0,4.4,4.1,0.0,,14.5,,1016.1,,DTW
2025-03-24,3.7,1.7,6.1,0.6,0.0,,30.5,,1005.5,,DTW
2025-03-25,2.5,-2.2,7.8,0.0,0.0,,20.8,,1014.4,,DTW
2025-03-26,1.9,-2.8,7.8,0.0,0.0,,12.4,,1022.4,,DTW
2025-03-27,5.1,-3.9,13.9,0.0,0.0,,11.2,,1023.0,,DTW
2025-03-28,11.0,5.6,18.3,1.8,0.0,,14.5,,1015.1,,DTW
2025-03-29,17.0,14.4,20.6,4.3,0.0,,21.2,,1011.6,,DTW
2025-03-30,15.2,11.1,20.6,13.3,0.0,,17.1,,1006.6,,DTW
2025-03-31,7.3,3.9,14.4,0.0,0.0,,23.5,,1006.8,,DTW
2025-01-01,8.8,4.4,11.1,0.0,0.0,,24.1,,1001.5,,EWR
2025-01-02,4.8,1.1,6.7,0.0,0.0,,31.7,,1012.9,,EWR
2025-01-03,2.1,-1.0,5.0,0.0,0.0,,22.0,,1012.0,,EWR
2025-01-04,0.0,-2.1,2.2,0.0,0.0,,26.6,,1011.7,,EWR
2025-01-05,-0.9,-2.1,2.2,0.0,0.0,,22.3,,1016.9,,EWR
2025-01-06,-1.4,-5.5,-0.5,1.5,0.0,,16.6,,1010.6,,EWR
2025-01-07,-2.9,-7.1,1.7,0.0,3.0,,32.0,,1010.6,,EWR
2025-01-08,-2.3,-5.5,0.0,0.0,0.0,,32.0,,1013.1,,EWR
2025-01-09,-2.8,-5.5,2.2,0.0,0.0,,30.6,,1008.7,,EWR
2025-01-10,0.1,-2.7,5.6,0.0,0.0,,17.6,,1012.5,,EWR
2025-01-11,0.7,-2.1,3.3,0.5,3.0,,16.9,,1002.7,,EWR
2025-01-12,2.2,-1.0,7.8,0.0,0.0,,11.9,,1014.8,,EWR
2025-01-13,2.7,-1.6,6.7,0.0,0.0,,14.8,,1014.6,,EWR
2025-01-14,0.4,-3.8,1.7,0.0,0.0,,22.7,,1016.1,,EWR
2025-01-15,-2.3,-5.5,1.7,0.0,0.0,,21.2,,1020.4,,EWR
2025-01-16,-2.8,-5.5,0.0,0.0,0.0,,15.8,,1015.1,,EWR
2025-01-17,-0.1,-4.9,7.2,0.0,0.0,,12.2,,1017.2,,EWR
2025-01-18,3.7,0.0,8.3,1.0,0.0,,8.6,,1013.4,,EWR
2025-01-19,3.4,-4.3,4.4,5.6,0.0,,18.0,,1007.9,,EWR
2025-01-20,-4.4,-8.8,-2.1,0.0,5.0,,21.2,,1022.6,,EWR
2025-01-21,-9.0,-13.8,-6.6,0.0,5.0,,16.6,,1033.3,,EWR
2025-01-22,-9.0,-13.2,-5.5,0.0,3.0,,11.2,,1032.6,,EWR
2025-01-23,-6.1,-10.5,-1.6,0.0,3.0,,10.8,,1025.3,,EWR
2025-01-24,-3.4,-9.3,1.1,0.0,3.0,,13.7,,1022.1,,EWR
2025-01-25,-3.4,-9.9,0.6,0.0,3.0,,13.7,,1026.2,,EWR
2025-01-26,1.3,-2.1,7.2,0.0,0.0,,15.8,,1020.7,,EWR
2025-01-27,1.5,-3.8,6.1,0.0,0.0,,19.8,,1013.8,,EWR
2025-01-28,3.8,0.6,7.2,0.0,0.0,,20.5,,1003.1,,EWR
2025-01-29,4.9,0.0,12.2,0.0,0.0,,28.4,,1000.6,,EWR
2025-01-30,0.9,-3.2,3.9,0.0,0.0,,16.2,,1021.8,,EWR
2025-01-31,4.0,1.1,8.3,3.3,0.0,,6.1,,1012.1,,EWR
2025-02-01,4.9,-5.5,8.3,0.0,0.0,,25.2,,1017.5,,EWR
2025-02-02,-4.3,-8.2,0.6,1.5,0.0,,11.9,,1031.9,,EWR
2025-02-03,2.2,-3.2,10.0,0.0,0.0,,8.6,,1017.8,,EWR
2025-02-04,7.1,0.0,8.9,0.0,0.0,,25.9,,1015.1,,EWR
2025-02-05,0.4,-2.1,3.9,0.0,0.0,,13.7,,1028.3,,EWR
2025-02-06,1.8,0.0,4.4,9.7,3.0,,11.9,,1016.0,,EWR
2025-02-07,4.2,-1.6,7.8,0.0,0.0,,22.7,,1014.8,,EWR
2025-02-08,-0.6,-3.2,1.7,15.0,0.0,,8.3,,1023.5,,EWR
2025-02-09,0.8,-1.0,2.2,1.3,5.0,,13.3,,1016.9,,EWR
2025-02-10,1.7,-1.0,3.9,0.0,5.0,,15.5,,1027.9,,EWR
2025-02-11,-0.3,-4.3,2.2,2.5,5.0,,4.7,,1028.5,,EWR
2025-02-12,0.6,-1.0,2.8,2.3,8.0,,14.8,,1024.1,,EWR
2025-02-13,4.1,2.2,8.3,6.1,5.0,,19.1,,1013.6,,EWR
2025-02-14,2.0,-1.0,3.9,0.0,0.0,,21.6,,1031.6,,EWR
2025-02-15,-0.1,-3.2,2.8,11.2,0.0,,9.7,,1027.9,,EWR
2025-02-16,2.7,1.1,8.3,21.6,0.0,,22.7,,997.3,,EWR
2025-02-17,1.9,-2.7,3.3,0.0,0.0,,39.2,,1008.1,,EWR
2025-02-18,-3.2,-6.6,-1.0,0.0,0.0,,29.5,,1021.1,,EWR
2025-02-19,-4.4,-8.2,1.1,0.0,0.0,,20.5,,1025.1,,EWR
2025-02-20,-4.1,-7.1,-0.5,0.0,0.0,,21.6,,1015.8,,EWR
2025-02-21,-2.6,-5.5,2.8,0.0,0.0,,27.4,,1022.1,,EWR
2025-02-22,-1.1,-6.0,6.1,0.0,0.0,,15.1,,1026.2,,EWR
2025-02-23,3.6,-1.0,10.0,0.0,0.0,,14.8,,1019.2,,EWR
2025-02-24,6.2,1.1,11.1,0.0,0.0,,11.5,,1017.1,,EWR
2025-02-25,8.7,5.6,14.4,0.0,0.0,,11.5,,1009.0,,EWR
2025-02-26,9.6,3.3,15.0,0.0,0.0,,16.6,,1012.1,,EWR
2025-02-27,10.3,7.8,12.8,0.3,0.0,,14.0,,1006.7,,EWR
2025-02-28,8.7,3.9,11.7,0.0,0.0,,18.4,,1005.6,,EWR
2025-03-01,9.7,-2.1,18.3,0.0,0.0,,25.9,,1001.9,,EWR
2025-03-02,-1.4,-6.0,2.8,0.0,0.0,,25.6,,1018.3,,EWR
2025-03-03,-1.3,-5.5,5.0,0.0,0.0,,11.5,,1024.2,,EWR
2025-03-04,4.7,-2.1,15.0,0.0,0.0,,10.8,,1021.4,,EWR
2025-03-05,11.3,5.0,16.1,38.9,0.0,,15.8,,1006.1,,EWR
2025-03-06,11.6,2.8,13.9,0.0,0.0,,28.8,,992.9,,EWR
2025-03-07,5.6,1.7,11.7,0.0,0.0,,32.8,,1003.6,,EWR
2025-03-08,6.9,2.2,8.9,0.0,0.0,,23.8,,1005.5,,EWR
2025-03-09,5.4,-2.1,13.3,0.0,0.0,,20.2,,1012.3,,EWR
2025-03-10,10.9,3.9,20.6,0.0,0.0,,12.2,,1010.5,,EWR
2025-03-11,12.9,6.7,19.4,0.0,0.0,,11.2,,1007.9,,EWR
2025-03-12,10.7,7.2,12.2,0.0,0.0,,14.0,,1014.0,,EWR
2025-03-13,7.6,5.0,11.1,0.0,0.0,,12.2,,1017.6,,EWR
2025-03-14,7.9,5.6,12.8,0.0,0.0,,13.0,,1020.6,,EWR
2025-03-15,6.8,5.6,8.9,0.0,0.0,,9.0,,1019.7,,EWR
2025-03-16,12.6,8.3,21.1,0.0,0.0,,16.6,,1013.7,,EWR
2025-03-17,14.4,3.3,17.8,19.0,0.0,,20.2,,1010.2,,EWR
2025-03-18,7.9,1.7,17.8,0.0,0.0,,14.8,,1017.1,,EWR
2025-03-19,11.4,6.1,16.7,0.0,0.0,,8.6,,1017.7,,EWR
2025-03-20,8.0,6.1,10.6,24.4,0.0,,13.0,,1008.8,,EWR
2025-03-21,8.7,4.4,12.2,0.3,0.0,,28.1,,1004.7,,EWR
2025-03-22,10.1,2.2,18.3,0.0,0.0,,23.0,,1007.8,,EWR
2025-03-23,5.8,0.0,10.6,0.0,0.0,,16.6,,1018.9,,EWR
2025-03-24,6.9,4.4,10.6,11.9,0.0,,12.2,,1011.7,,EWR
2025-03-25,11.0,7.2,15.6,0.0,0.0,,21.2,,1011.3,,EWR
2025-03-26,9.2,3.3,11.7,0.0,0.0,,19.4,,1016.5,,EWR
2025-03-27,6.0,1.1,12.2,0.0,0.0,,19.4,,1022.8,,EWR
2025-03-28,11.3,6.1,19.4,0.0,0.0,,12.6,,1020.8,,EWR
2025-03-29,18.2,7.2,29.4,0.5,0.0,,20.2,,1015.3,,EWR
2025-03-30,8.6,7.2,10.6,1.3,0.0,,10.1,,1019.8,,EWR
2025-03-31,14.5,8.3,26.7,20.1,0.0,,13.0,,1006.4,,EWR
2025-01-01,22.9,18.9,26.7,0.0,0.0,,8.3,,1017.7,,FLL
2025-01-02,20.5,16.1,25.0,0.0,0.0,,12.2,,1021.4,,FLL
2025-01-03,19.2,14.4,24.4,0.0,0.0,,10.8,,1022.2,,FLL
2025-01-04,16.3,11.7,21.7,0.0,0.0,,13.3,,1023.7,,FLL
2025-01-05,17.1,12.2,23.3,0.0,0.0,,14.4,,1022.4,,FLL
2025-01-06,22.3,18.9,27.2,0.0,0.0,,14.0,,1016.3,,FLL
2025-01-07,17.1,11.7,22.2,0.0,0.0,,16.6,,1017.8,,FLL
2025-01-08,13.9,8.9,21.7,0.0,0.0,,11.2,,1020.1,,FLL
2025-01-09,13.5,7.8,19.4,0.0,0.0,,14.8,,1019.3,,FLL
2025-01-10,15.3,9.4,22.2,0.0,0.0,,12.2,,1016.4,,FLL
2025-01-11,20.1,15.6,23.9,0.0,0.0,,11.9,,1013.6,,FLL
2025-01-12,17.6,12.8,23.3,0.0,0.0,,7.9,,1018.0,,FLL
2025-01-13,20.1,14.4,25.0,0.0,0.0,,10.8,,1019.0,,FLL
2025-01-14,21.1,15.0,23.3,0.0,0.0,,11.9,,1021.0,,FLL
2025-01-15,18.2,13.9,23.9,0.0,0.0,,14.8,,1024.3,,FLL
2025-01-16,18.9,16.1,23.9,0.3,0.0,,10.4,,1022.2,,FLL
2025-01-17,19.4,17.8,21.7,6.4,0.0,,13.3,,1019.0,,FLL
2025-01-18,23.6,21.1,28.3,13.2,0.0,,15.5,,1016.0,,FLL
2025-01-19,24.1,20.6,29.4,0.3,0.0,,16.9,,1015.8,,FLL
2025-01-20,17.9,13.9,20.6,9.1,0.0,,12.2,,1021.4,,FLL
2025-01-21,20.3,16.1,26.1,2.0,0.0,,10.1,,1019.6,,FLL
2025-01-22,15.9,10.6,20.6,1.0,0.0,,15.1,,1019.2,,FLL
2025-01-23,13.0,10.0,15.0,2.3,0.0,,13.7,,1020.4,,FLL
2025-01-24,11.1,8.9,15.0,0.0,0.0,,16.9,,1022.8,,FLL
2025-01-25,14.6,7.8,22.2,0.0,0.0,,17.6,,1026.2,,FLL
2025-01-26,18.9,13.9,23.9,0.0,0.0,,14.4,,1025.6,,FLL
2025-01-27,21.0,18.3,25.0,0.0,0.0,,10.8,,1021.0,,FLL
2025-01-28,19.9,13.9,25.6,0.0,0.0,,8.3,,1018.8,,FLL
2025-01-29,20.3,15.0,26.1,0.0,0.0,,6.5,,1020.1,,FLL
2025-01-30,20.7,16.1,25.0,0.0,0.0,,12.6,,1021.1,,FLL
2025-01-31,23.1,21.1,26.1,0.0,0.0,,17.6,,1020.0,,FLL
2025-02-01,24.0,21.1,27.8,0.0,0.0,,11.2,,1019.1,,FLL
2025-02-02,23.9,20.6,26.7,0.0,0.0,,13.0,,1020.3,,FLL
2025-02-03,24.3,22.2,26.7,0.0,0.0,,13.7,,1020.7,,FLL
2025-02-04,23.8,20.6,26.7,0.0,0.0,,10.4,,1021.1,,FLL
2025-02-05,23.4,20.6,26.1,0.0,0.0,,11.9,,1021.0,,FLL
2025-02-06,23.4,21.1,26.1,0.0,0.0,,15.5,,1021.0,,FLL
2025-02-07,23.6,20.6,27.2,0.0,0.0,,11.9,,1020.9,,FLL
2025-02-08,23.8,21.1,26.7,0.0,0.0,,14.4,,1020.9,,FLL
2025-02-09,24.2,21.7,27.2,0.0,0.0,,13.7,,1021.3,,FLL
2025-02-10,24.1,20.6,27.2,0.0,0.0,,11.2,,1021.8,,FLL
2025-02-11,24.3,22.2,26.7,0.0,0.0,,18.4,,1019.0,,FLL
2025-02-12,24.4,22.8,27.2,0.0,0.0,,19.4,,1017.1,,FLL
2025-02-13,25.7,23.3,28.9,0.0,0.0,,17.6,,1021.0,,FLL
2025-02-14,25.1,21.7,28.3,0.0,0.0,,15.5,,1024.5,,FLL
2025-02-15,24.7,22.8,27.2,0.0,0.0,,22.3,,1020.8,,FLL
2025-02-16,25.7,22.8,30.0,0.0,0.0,,19.1,,1015.5,,FLL
2025-02-17,23.1,20.6,26.1,0.0,0.0,,13.3,,1017.3,,FLL
2025-02-18,23.6,21.1,26.7,0.8,0.0,,16.9,,1017.5,,FLL
2025-02-19,24.4,21.1,29.4,0.0,0.0,,13.3,,1015.0,,FLL
2025-02-20,22.6,15.6,25.0,0.0,0.0,,14.0,,1017.0,,FLL
2025-02-21,18.2,14.4,23.3,0.0,0.0,,20.5,,1023.1,,FLL
2025-02-22,20.4,18.9,23.9,0.0,0.0,,18.4,,1024.5,,FLL
2025-02-23,20.7,17.8,25.0,0.3,0.0,,11.9,,1020.6,,FLL
2025-02-24,21.9,20.6,23.3,11.4,0.0,,15.5,,1014.1,,FLL
2025-02-25,21.6,17.8,25.6,0.3,0.0,,13.3,,1009.3,,FLL
2025-02-26,20.3,15.6,26.1,0.0,0.0,,13.7,,1015.6,,FLL
2025-02-27,23.1,17.8,27.8,0.0,0.0,,9.7,,1016.3,,FLL
2025-02-28,21.1,16.1,26.7,0.0,0.0,,9.0,,1016.1,,FLL
2025-03-01,21.8,17.8,27.2,0.0,0.0,,9.4,,1014.6,,FLL
2025-03-02,21.4,15.6,27.2,0.0,0.0,,11.2,,1015.0,,FLL
2025-03-03,21.8,16.7,26.1,0.0,0.0,,18.4,,1017.3,,FLL
2025-03-04,22.7,20.0,26.1,2.0,0.0,,32.0,,1017.3,,FLL
2025-03-05,24.9,20.6,29.4,0.5,0.0,,24.1,,1012.3,,FLL
2025-03-06,20.8,13.9,24.4,0.0,0.0,,19.1,,1013.5,,FLL
2025-03-07,17.4,10.6,24.4,0.0,0.0,,12.2,,1017.8,,FLL
2025-03-08,21.9,15.0,29.4,0.0,,,9.0,,1016.0,,FLL
2025-03-09,24.4,18.9,31.1,0.0,0.0,,10.4,,1014.6,,FLL
2025-03-10,25.4,17.8,31.7,0.3,0.0,,24.1,,1011.5,,FLL
2025-03-11,19.5,14.4,25.6,0.0,0.0,,16.6,,1014.1,,FLL
2025-03-12,20.0,13.9,26.1,0.0,0.0,,12.6,,1016.9,,FLL
2025-03-13,21.3,15.6,25.6,0.0,0.0,,12.2,,1016.4,,FLL
2025-03-14,23.2,18.3,27.8,0.0,0.0,,12.2,,1014.6,,FLL
2025-03-15,24.7,22.8,27.8,0.0,0.0,,24.5,,1013.6,,FLL
2025-03-16,25.9,24.4,29.4,0.0,0.0,,25.2,,1014.8,,FLL
2025-03-17,24.1,15.6,25.6,0.0,0.0,,19.8,,1017.2,,FLL
2025-03-18,18.6,12.2,25.0,0.0,0.0,,15.1,,1020.1,,FLL
2025-03-19,20.4,15.0,26.1,0.0,0.0,,10.8,,1018.3,,FLL
2025-03-20,22.7,17.2,29.4,0.0,0.0,,13.3,,1016.4,,FLL
2025-03-21,19.2,14.4,22.2,0.0,0.0,,15.5,,1018.5,,FLL
2025-03-22,18.6,12.8,24.4,0.0,0.0,,11.9,,1020.2,,FLL
2025-03-23,21.3,17.2,25.0,0.0,0.0,,12.2,,1020.2,,FLL
2025-03-24,24.6,22.8,27.8,0.0,0.0,,17.3,,1018.0,,FLL
2025-03-25,23.9,18.9,28.9,10.4,0.0,,6.5,,1018.1,,FLL
2025-03-26,23.3,18.9,27.8,0.0,0.0,,13.3,,1019.0,,FLL
2025-03-27,24.6,21.7,27.8,0.0,0.0,,19.1,,1021.5,,FLL
2025-03-28,24.2,22.2,27.2,0.0,0.0,,33.1,,1022.0,,FLL
2025-03-29,23.8,22.8,26.1,0.5,0.0,,29.9,,1019.6,,FLL
2025-03-30,24.3,21.7,27.2,57.7,0.0,,19.1,,1016.7,,FLL
2025-03-31,25.6,22.2,30.0,0.0,0.0,,13.7,,1014.3,,FLL
2025-01-01,12.6,7.8,17.8,0.0,0.0,,11.9,,1024.7,,IAH
2025-01-02,11.7,7.8,16.1,0.0,0.0,,9.7,,1025.0,,IAH
2025-01-03,16.5,12.8,22.8,0.0,0.0,,10.1,,1025.5,,IAH
2025-01-04,17.3,13.9,21.1,0.8,0.0,,16.9,,1020.6,,IAH
2025-01-05,21.1,3.9,25.6,18.0,0.0,,21.2,,1013.5,,IAH
2025-01-06,4.5,-0.5,7.8,0.0,0.0,,21.6,,1026.6,,IAH
2025-01-07,4.0,-0.5,11.1,0.0,0.0,,12.2,,1030.4,,IAH
2025-01-08,4.7,2.8,6.1,0.0,0.0,,16.9,,1032.0,,IAH
2025-01-09,5.4,2.8,6.7,33.8,0.0,,20.2,,1019.9,,IAH
2025-01-10,4.0,2.8,6.1,2.8,0.0,,19.1,,1017.7,,IAH
2025-01-11,5.8,0.0,12.8,0.0,0.0,,9.4,,1018.9,,IAH
2025-01-12,8.5,3.3,13.9,4.3,0.0,,8.3,,1014.9,,IAH
2025-01-13,10.8,6.1,16.1,0.0,0.0,,16.2,,1024.8,,IAH
2025-01-14,8.6,3.9,11.1,0.0,0.0,,9.0,,1028.9,,IAH
2025-01-15,10.6,7.2,12.8,2.3,0.0,,9.0,,1028.5,,IAH
2025-01-16,10.6,3.9,18.9,0.0,0.0,,5.0,,1027.4,,IAH
2025-01-17,10.9,4.4,19.4,0.0,0.0,,10.1,,1015.3,,IAH
2025-01-18,17.5,7.8,19.4,0.0,0.0,,18.7,,1012.6,,IAH
2025-01-19,6.0,-0.5,7.8,0.0,0.0,,22.3,,1028.0,,IAH
2025-01-20,0.7,-2.1,2.8,1.0,0.0,,19.1,,1032.4,,IAH
2025-01-21,0.3,-3.2,5.0,3.3,0.0,,18.4,,1036.7,,IAH
2025-01-22,0.0,-6.6,8.3,0.0,0.0,,7.9,,1031.0,,IAH
2025-01-23,4.9,-1.6,15.0,0.0,0.0,,11.2,,1030.1,,IAH
2025-01-24,6.6,-1.6,15.0,0.0,0.0,,5.4,,1031.4,,IAH
2025-01-25,8.6,0.6,16.7,0.0,0.0,,15.1,,1025.0,,IAH
2025-01-26,15.2,13.3,20.6,31.0,0.0,,7.9,,1022.0,,IAH
2025-01-27,13.6,11.1,13.9,4.3,0.0,,13.3,,1022.6,,IAH
2025-01-28,12.6,11.1,16.1,0.0,0.0,,10.8,,1020.3,,IAH
2025-01-29,15.9,13.9,20.0,4.3,0.0,,16.9,,1016.1,,IAH
2025-01-30,20.5,13.9,23.3,1.5,0.0,,14.0,,1011.2,,IAH
2025-01-31,16.6,9.4,21.7,0.0,0.0,,12.2,,1017.9,,IAH
2025-02-01,13.8,5.6,23.3,0.0,0.0,,6.1,,1021.8,,IAH
2025-02-02,15.6,6.7,26.1,0.0,0.0,,10.4,,1019.6,,IAH
2025-02-03,20.8,17.2,28.3,0.0,0.0,,10.8,,1017.8,,IAH
2025-02-04,24.2,20.0,28.9,0.0,0.0,,10.8,,1019.7,,IAH
2025-02-05,22.8,20.0,28.3,0.0,0.0,,12.2,,1017.7,,IAH
2025-02-06,23.6,20.6,28.3,0.0,0.0,,10.1,,1016.3,,IAH
2025-02-07,23.8,19.4,28.9,0.0,0.0,,11.9,,1017.7,,IAH
2025-02-08,24.3,21.1,30.0,0.0,0.0,,13.7,,1015.9,,IAH
2025-02-09,24.3,19.4,28.9,0.0,0.0,,9.4,,1018.4,,IAH
2025-02-10,19.6,15.6,23.9,0.0,0.0,,15.5,,1020.4,,IAH
2025-02-11,18.4,13.9,22.2,40.6,0.0,,13.7,,1012.3,,IAH
2025-02-12,17.7,10.0,23.9,11.9,0.0,,17.3,,1007.3,,IAH
2025-02-13,9.7,5.6,13.3,0.0,0.0,,23.8,,1024.8,,IAH
2025-02-14,8.9,6.7,12.8,0.3,0.0,,13.0,,1024.8,,IAH
2025-02-15,17.8,12.2,27.2,2.8,0.0,,12.6,,1010.8,,IAH
2025-02-16,11.9,5.0,15.6,0.0,0.0,,20.2,,1021.9,,IAH
2025-02-17,8.8,3.3,16.1,0.0,0.0,,14.0,,1023.0,,IAH
2025-02-18,13.1,9.4,17.8,38.4,0.0,,18.7,,1015.4,,IAH
2025-02-19,5.5,-1.6,9.4,0.0,0.0,,28.8,,1026.5,,IAH
2025-02-20,-0.3,-2.7,6.1,0.0,0.0,,20.5,,1032.7,,IAH
2025-02-21,2.8,1.1,5.0,0.0,0.0,,16.9,,1033.2,,IAH
2025-02-22,4.4,2.8,6.7,9.1,0.0,,15.8,,1028.6,,IAH
2025-02-23,8.2,6.7,12.8,1.0,0.0,,12.4,,1020.4,,IAH
2025-02-24,12.3,8.3,21.1,0.0,0.0,,8.6,,1018.2,,IAH
2025-02-25,14.6,9.4,23.9,0.0,0.0,,9.0,,1016.0,,IAH
2025-02-26,17.4,10.6,27.8,0.0,0.0,,10.1,,1013.6,,IAH
2025-02-27,19.1,13.3,22.8,0.0,0.0,,11.5,,1019.7,,IAH
2025-02-28,17.5,9.4,25.0,0.0,0.0,,6.5,,1018.8,,IAH
2025-03-01,18.9,10.6,29.4,0.0,0.0,,4.7,,1016.3,,IAH
2025-03-02,18.4,12.8,23.3,0.0,0.0,,23.4,,1017.4,,IAH
2025-03-03,19.8,17.2,26.1,1.5,0.0,,23.4,,1012.8,,IAH
2025-03-04,22.2,12.8,25.6,10.9,0.0,,25.2,,1004.1,,IAH
2025-03-05,17.5,8.9,21.1,0.0,0.0,,18.4,,1016.5,,IAH
2025-03-06,13.8,5.6,20.6,0.0,0.0,,12.6,,1017.7,,IAH
2025-03-07,18.6,12.2,27.2,0.0,0.0,,11.5,,1011.1,,IAH
2025-03-08,22.2,13.3,28.9,3.8,0.0,,15.5,,1009.5,,IAH
2025-03-09,14.4,10.0,14.4,0.0,0.0,,20.5,,1017.9,,IAH
2025-03-10,14.0,6.7,23.3,0.0,0.0,,6.1,,1019.6,,IAH
2025-03-11,16.7,7.2,26.1,0.0,0.0,,10.1,,1015.0,,IAH
2025-03-12,20.9,15.6,28.3,0.0,0.0,,13.3,,1011.5,,IAH
2025-03-13,24.3,20.6,32.2,0.0,0.0,,12.2,,1010.0,,IAH
2025-03-14,24.3,20.6,29.4,0.0,0.0,,19.4,,1003.5,,IAH
2025-03-15,24.1,17.2,28.3,0.0,0.0,,18.4,,999.8,,IAH
2025-03-16,18.7,10.6,25.0,0.0,0.0,,10.8,,1016.6,,IAH
2025-03-17,17.9,7.8,27.8,0.0,0.0,,10.8,,1024.2,,IAH
2025-03-18,21.1,15.6,27.2,0.0,0.0,,22.3,,1016.5,,IAH
2025-03-19,23.1,13.9,28.3,0.0,0.0,,21.2,,1014.0,,IAH
2025-03-20,16.1,8.9,21.1,0.0,0.0,,20.9,,1025.0,,IAH
2025-03-21,14.7,5.0,23.9,0.0,0.0,,11.2,,1020.6,,IAH
2025-03-22,19.4,11.1,28.3,0.0,0.0,,15.5,,1017.1,,IAH
2025-03-23,23.2,19.4,29.4,0.0,0.0,,13.0,,1013.2,,IAH
2025-03-24,23.0,15.0,30.0,21.1,0.0,,5.8,,1015.3,,IAH
2025-03-25,23.4,15.6,31.7,0.0,0.0,,7.2,,1018.5,,IAH
2025-03-26,22.6,17.8,27.2,0.0,0.0,,11.5,,1020.8,,IAH
2025-03-27,20.8,18.3,22.2,8.1,0.0,,17.6,,1018.5,,IAH
2025-03-28,22.2,18.9,25.6,3.0,0.0,,11.9,,1013.6,,IAH
2025-03-29,23.3,20.0,30.6,0.0,0.0,,14.8,,1009.6,,IAH
2025-03-30,25.3,22.2,30.0,0.0,0.0,,13.7,,1008.9,,IAH
2025-03-31,25.6,21.1,29.4,0.0,0.0,,9.4,,1010.3,,IAH
2025-01-01,9.1,5.0,11.7,0.0,0.0,,26.3,,1001.4,,JFK
2025-01-02,5.4,1.7,7.8,0.0,0.0,,34.6,,1012.8,,JFK
2025-01-03,2.8,0.6,5.0,0.0,0.0,,25.9,,1012.1,,JFK
2025-01-04,0.9,-1.0,2.8,0.0,0.0,,33.5,,1011.3,,JFK
2025-01-05,-0.1,-1.6,2.8,0.0,0.0,,28.1,,1016.7,,JFK
2025-01-06,-0.4,-4.3,0.6,1.5,0.0,,16.6,,1010.5,,JFK
2025-01-07,-2.5,-6.6,2.2,0.0,0.0,,39.6,,1009.7,,JFK
2025-01-08,-1.7,-4.3,0.6,0.0,0.0,,38.2,,1012.6,,JFK
2025-01-09,-2.0,-4.3,2.8,0.0,0.0,,41.0,,1007.5,,JFK
2025-01-10,1.1,-1.6,6.7,0.0,0.0,,22.0,,1012.1,,JFK
2025-01-11,1.5,-1.0,3.3,0.8,0.0,,22.0,,1002.5,,JFK
2025-01-12,2.7,-0.5,7.8,0.0,0.0,,16.6,,1014.8,,JFK
2025-01-13,3.1,-1.0,6.1,0.0,0.0,,18.7,,1014.9,,JFK
2025-01-14,1.5,-2.1,3.3,0.0,0.0,,27.7,,1015.9,,JFK
2025-01-15,-1.3,-3.8,2.2,0.0,0.0,,29.9,,1020.0,,JFK
2025-01-16,-1.7,-3.8,0.0,0.0,0.0,,18.0,,1015.5,,JFK
2025-01-17,0.8,-2.7,6.7,0.0,0.0,,17.3,,1017.4,,JFK
2025-01-18,5.2,1.7,8.9,4.3,0.0,,18.0,,1013.9,,JFK
2025-01-19,4.6,-1.6,6.1,6.1,0.0,,19.8,,1007.8,,JFK
2025-01-20,-3.2,-7.1,-1.6,0.0,5.0,,24.8,,1022.4,,JFK
2025-01-21,-7.4,-9.9,-6.6,0.0,3.0,,18.4,,1033.4,,JFK
2025-01-22,-7.8,-10.5,-4.9,0.0,3.0,,13.3,,1032.8,,JFK
2025-01-23,-5.1,-8.8,-1.0,0.0,3.0,,11.5,,1025.6,,JFK
2025-01-24,-2.0,-6.6,1.7,0.0,3.0,,16.9,,1022.2,,JFK
2025-01-25,-2.6,-7.7,0.6,0.0,3.0,,16.6,,1026.4,,JFK
2025-01-26,2.0,-1.6,7.2,0.0,0.0,,16.6,,1021.0,,JFK
2025-01-27,1.8,-1.6,5.6,0.0,0.0,,21.6,,1014.2,,JFK
2025-01-28,4.3,-1.0,7.8,0.0,0.0,,25.9,,1003.5,,JFK
2025-01-29,5.7,1.1,12.8,0.0,0.0,,32.0,,1000.8,,JFK
2025-01-30,1.5,-3.2,4.4,0.0,0.0,,24.5,,1022.0,,JFK
2025-01-31,5.4,4.4,8.9,3.8,0.0,,11.5,,1012.6,,JFK
2025-02-01,5.7,-4.9,10.0,0.3,0.0,,27.4,,1017.2,,JFK
2025-02-02,-3.2,-7.1,3.9,2.3,0.0,,15.8,,1032.1,,JFK
2025-02-03,3.7,0.0,7.8,0.0,0.0,,13.7,,1018.3,,JFK
2025-02-04,7.2,0.6,10.0,0.0,0.0,,28.8,,1014.9,,JFK
2025-02-05,0.9,-1.6,5.6,0.0,0.0,,15.5,,1028.4,,JFK
2025-02-06,2.2,0.6,5.6,6.4,0.0,,16.6,,1016.6,,JFK
2025-02-07,5.1,-0.5,8.9,0.0,0.0,,26.3,,1014.8,,JFK
2025-02-08,0.2,-2.7,2.8,17.0,0.0,,11.9,,1023.8,,JFK
2025-02-09,1.8,1.1,3.3,1.3,8.0,,18.4,,1016.9,,JFK
2025-02-10,2.3,-1.0,3.9,0.0,3.0,,18.4,,1027.9,,JFK
2025-02-11,0.2,-3.2,3.3,3.6,3.0,,7.2,,1028.9,,JFK
2025-02-12,1.6,0.6,3.3,3.3,8.0,,18.4,,1024.3,,JFK
2025-02-13,5.0,3.3,9.4,5.1,5.0,,22.3,,1013.6,,JFK
2025-02-14,3.2,0.0,4.4,0.0,0.0,,24.8,,1031.4,,JFK
2025-02-15,0.7,-2.1,3.3,13.5,0.0,,14.0,,1028.4,,JFK
2025-02-16,4.8,2.2,11.1,27.9,0.0,,26.3,,997.4,,JFK
2025-02-17,2.9,-1.6,3.9,0.0,0.0,,40.3,,1007.8,,JFK
2025-02-18,-2.3,-5.5,0.0,0.0,0.0,,32.4,,1020.9,,JFK
2025-02-19,-3.4,-6.6,2.2,0.0,0.0,,23.8,,1024.9,,JFK
2025-02-20,-3.1,-6.6,1.1,0.0,0.0,,24.8,,1015.5,,JFK
2025-02-21,-1.6,-4.3,4.4,0.0,0.0,,36.0,,1021.4,,JFK
2025-02-22,-0.9,-4.9,5.0,0.0,0.0,,21.6,,1026.5,,JFK
2025-02-23,3.9,0.6,10.0,0.0,0.0,,16.9,,1019.5,,JFK
2025-02-24,5.7,0.6,10.0,0.0,0.0,,22.3,,1017.8,,JFK
2025-02-25,7.1,3.9,12.8,0.0,0.0,,11.2,,1009.5,,JFK
2025-02-26,10.6,3.9,15.6,0.0,0.0,,18.4,,1012.2,,JFK
2025-02-27,8.8,6.7,11.7,0.0,0.0,,14.8,,1007.2,,JFK
2025-02-28,9.6,5.6,12.8,0.0,0.0,,23.0,,1005.8,,JFK
2025-03-01,9.3,-1.0,19.4,0.0,0.0,,27.4,,1002.1,,JFK
2025-03-02,-0.5,-4.9,3.3,0.0,0.0,,30.6,,1018.2,,JFK
2025-03-03,-0.9,-4.3,4.4,0.0,0.0,,20.2,,1024.5,,JFK
2025-03-04,4.3,-1.0,9.4,0.0,0.0,,25.9,,1022.2,,JFK
2025-03-05,8.8,5.6,12.8,37.8,0.0,,32.0,,1007.4,,JFK
2025-03-06,10.8,3.3,13.9,0.3,0.0,,29.9,,992.6,,JFK
2025-03-07,6.6,2.8,12.2,0.0,0.0,,36.7,,1003.3,,JFK
2025-03-08,7.9,3.3,9.4,0.0,0.0,,28.8,,1005.3,,JFK
2025-03-09,6.2,1.1,13.9,0.0,0.0,,23.8,,1012.5,,JFK
2025-03-10,10.1,3.9,17.2,0.0,0.0,,18.4,,1011.2,,JFK
2025-03-11,9.7,2.8,16.7,0.0,0.0,,14.4,,1008.7,,JFK
2025-03-12,9.6,5.6,13.9,0.0,0.0,,16.2,,1014.0,,JFK
2025-03-13,7.0,3.3,11.1,0.0,0.0,,21.2,,1018.9,,JFK
2025-03-14,8.2,5.6,12.2,0.0,0.0,,13.3,,1021.0,,JFK
2025-03-15,7.0,6.1,8.9,0.3,0.0,,13.7,,1020.4,,JFK
2025-03-16,10.3,8.9,13.3,1.5,0.0,,24.8,,1014.9,,JFK
2025-03-17,12.5,5.0,15.6,20.8,0.0,,21.2,,1010.0,,JFK
2025-03-18,8.4,2.8,16.1,0.0,0.0,,19.8,,1016.8,,JFK
2025-03-19,9.4,3.3,15.6,0.0,0.0,,11.2,,1018.2,,JFK
2025-03-20,7.2,5.6,10.0,10.4,0.0,,16.9,,1009.0,,JFK
2025-03-21,8.8,4.4,12.2,1.5,0.0,,32.8,,1004.1,,JFK
2025-03-22,9.1,3.3,16.7,0.0,0.0,,23.4,,1008.2,,JFK
2025-03-23,5.6,0.0,8.9,0.0,0.0,,23.0,,1019.1,,JFK
2025-03-24,6.5,4.4,10.0,21.1,0.0,,18.4,,1012.4,,JFK
2025-03-25,10.8,6.7,16.1,0.0,0.0,,21.6,,1011.6,,JFK
2025-03-26,8.8,3.9,12.2,0.3,0.0,,20.5,,1016.5,,JFK
2025-03-27,6.3,1.7,12.2,0.0,0.0,,22.7,,1022.8,,JFK
2025-03-28,10.2,5.6,17.2,0.3,0.0,,16.9,,1021.4,,JFK
2025-03-29,15.3,6.7,27.8,0.3,0.0,,21.6,,1015.9,,JFK
2025-03-30,7.8,6.7,10.0,0.5,0.0,,16.6,,1020.3,,JFK
2025-03-31,11.1,8.9,16.7,13.0,0.0,,20.2,,1007.1,,JFK
2025-01-01,9.1,3.9,13.9,0.0,0.0,,4.3,,1022.8,,LAS
2025-01-02,9.6,5.0,16.7,0.0,0.0,,4.7,,1021.6,,LAS
2025-01-03,10.4,6.1,16.1,0.0,0.0,,4.3,,1013.5,,LAS
2025-01-04,14.2,7.8,16.7,0.0,0.0,,16.9,,1012.9,,LAS
2025-01-05,10.4,5.0,15.6,0.0,0.0,,4.7,,1019.7,,LAS
2025-01-06,10.2,5.6,16.1,0.0,0.0,,5.0,,1016.8,,LAS
2025-01-07,11.8,8.3,15.0,0.0,0.0,,32.0,,1019.3,,LAS
2025-01-08,10.6,7.2,14.4,0.0,0.0,,21.6,,1022.9,,LAS
2025-01-09,11.0,6.1,15.6,0.0,0.0,,25.9,,1020.1,,LAS
2025-01-10,9.0,2.8,13.3,0.0,0.0,,5.4,,1025.9,,LAS
2025-01-11,8.8,2.8,15.6,0.0,0.0,,16.6,,1019.4,,LAS
2025-01-12,9.4,6.7,11.7,0.0,0.0,,24.5,,1021.1,,LAS
2025-01-13,8.0,4.4,11.1,0.0,0.0,,19.4,,1026.4,,LAS
2025-01-14,7.6,2.8,12.2,0.0,0.0,,9.0,,1030.1,,LAS
2025-01-15,7.5,1.7,15.6,0.0,0.0,,7.2,,1029.2,,LAS
2025-01-16,8.6,2.8,14.4,0.0,0.0,,5.8,,1022.5,,LAS
2025-01-17,8.5,2.8,15.6,0.0,0.0,,5.4,,1017.3,,LAS
2025-01-18,9.7,2.8,13.9,0.0,0.0,,9.4,,1023.4,,LAS
2025-01-19,6.3,0.0,11.1,0.0,0.0,,4.7,,1022.3,,LAS
2025-01-20,5.9,1.1,10.0,0.0,0.0,,20.5,,1028.3,,LAS
2025-01-21,3.6,-1.6,9.4,0.0,0.0,,4.7,,1035.5,,LAS
2025-01-22,5.2,-0.5,15.6,0.0,0.0,,6.1,,1030.4,,LAS
2025-01-23,7.8,1.1,13.3,0.0,0.0,,9.0,,1034.0,,LAS
2025-01-24,6.5,1.1,12.2,0.0,0.0,,5.8,,1021.1,,LAS
2025-01-25,6.8,2.8,11.1,0.0,0.0,,6.5,,1011.0,,LAS
2025-01-26,7.3,1.7,12.8,0.0,0.0,,8.3,,1016.7,,LAS
2025-01-27,8.7,4.4,12.8,0.0,0.0,,10.1,,1017.6,,LAS
2025-01-28,7.1,2.2,11.1,0.0,0.0,,5.4,,1016.1,,LAS
2025-01-29,8.3,3.3,15.6,0.0,0.0,,7.2,,1016.2,,LAS
2025-01-30,8.6,2.8,15.0,0.0,0.0,,4.7,,1020.6,,LAS
2025-01-31,8.3,2.8,13.3,0.0,0.0,,4.3,,1023.9,,LAS
2025-02-01,9.7,5.0,15.6,0.0,0.0,,5.4,,1019.5,,LAS
2025-02-02,11.9,6.7,20.0,0.0,0.0,,4.7,,1016.8,,LAS
2025-02-03,16.3,10.0,26.7,0.0,0.0,,7.6,,1012.6,,LAS
2025-02-04,19.3,12.2,25.6,0.0,0.0,,15.8,,1008.5,,LAS
2025-02-05,19.1,15.6,23.3,0.0,0.0,,22.7,,1011.3,,LAS
2025-02-06,16.8,11.7,21.1,0.0,0.0,,18.4,,1011.7,,LAS
2025-02-07,17.9,14.4,21.7,0.0,0.0,,24.8,,1012.0,,LAS
2025-02-08,14.6,8.3,17.8,0.0,0.0,,7.9,,1017.7,,LAS
2025-02-09,12.1,7.8,15.0,0.0,0.0,,10.8,,1020.0,,LAS
2025-02-10,11.3,6.7,17.2,0.0,0.0,,5.8,,1014.4,,LAS
2025-02-11,11.6,6.1,16.7,0.0,0.0,,13.7,,1006.5,,LAS
2025-02-12,8.6,3.3,11.1,0.0,0.0,,9.7,,1012.3,,LAS
2025-02-13,7.1,4.4,11.7,14.5,0.0,,9.7,,1013.7,,LAS
2025-02-14,12.0,10.6,16.7,0.0,0.0,,23.0,,1012.0,,LAS
2025-02-15,12.9,9.4,17.8,0.0,0.0,,14.4,,1022.0,,LAS
2025-02-16,11.9,6.1,16.7,0.0,0.0,,5.4,,1018.8,,LAS
2025-02-17,12.6,7.2,18.9,0.0,0.0,,5.8,,1011.7,,LAS
2025-02-18,15.1,10.6,18.9,0.0,0.0,,14.0,,1016.4,,LAS
2025-02-19,13.7,9.4,19.4,0.0,0.0,,6.1,,1018.1,,LAS
2025-02-20,15.6,10.0,20.0,0.0,0.0,,19.8,,1016.2,,LAS
2025-02-21,14.2,8.3,18.3,0.0,0.0,,13.0,,1021.8,,LAS
2025-02-22,12.8,6.7,19.4,0.0,0.0,,4.7,,1024.8,,LAS
2025-02-23,14.0,7.2,22.8,0.0,0.0,,5.4,,1023.7,,LAS
2025-02-24,16.9,10.6,25.6,0.0,0.0,,4.7,,1018.9,,LAS
2025-02-25,19.1,11.7,27.2,0.0,0.0,,6.5,,1014.1,,LAS
2025-02-26,19.1,12.2,23.3,0.0,0.0,,15.5,,1018.6,,LAS
2025-02-27,16.4,10.6,21.7,0.0,0.0,,16.2,,1023.6,,LAS
2025-02-28,16.3,10.0,23.9,0.0,0.0,,7.2,,1016.5,,LAS
2025-03-01,18.2,13.9,23.9,0.0,0.0,,6.5,,1009.9,,LAS
2025-03-02,17.2,9.4,18.3,0.0,0.0,,25.9,,1009.1,,LAS
2025-03-03,11.4,7.8,15.6,0.0,0.0,,11.9,,1010.0,,LAS
2025-03-04,13.6,8.3,20.6,0.0,0.0,,8.3,,1017.9,,LAS
2025-03-05,14.4,8.9,18.9,0.0,0.0,,12.2,,1011.4,,LAS
2025-03-06,12.2,7.8,13.3,0.3,0.0,,19.8,,1004.2,,LAS
2025-03-07,10.2,5.0,16.1,0.0,0.0,,21.6,,1012.4,,LAS
2025-03-08,12.5,8.9,18.3,0.0,0.0,,18.0,,1023.9,,LAS
2025-03-09,13.1,6.7,20.0,0.0,0.0,,5.8,,1023.5,,LAS
2025-03-10,14.8,8.3,22.8,0.0,0.0,,6.8,,1014.2,,LAS
2025-03-11,16.5,9.4,19.4,0.0,0.0,,10.1,,1009.0,,LAS
2025-03-12,12.5,7.8,20.0,0.0,0.0,,14.4,,1012.0,,LAS
2025-03-13,13.9,5.6,15.0,0.0,0.0,,21.2,,1004.6,,LAS
2025-03-14,7.9,5.0,10.6,0.3,0.0,,16.6,,1009.1,,LAS
2025-03-15,9.1,3.9,17.2,0.0,0.0,,8.3,,1014.1,,LAS
2025-03-16,13.4,6.7,23.9,0.0,0.0,,9.4,,1018.5,,LAS
2025-03-17,18.8,10.6,23.3,0.0,0.0,,24.8,,1011.3,,LAS
2025-03-18,14.1,8.3,18.3,0.0,0.0,,23.4,,1018.4,,LAS
2025-03-19,12.2,7.8,16.1,0.0,0.0,,11.5,,1028.1,,LAS
2025-03-20,13.4,8.3,19.4,0.0,0.0,,5.0,,1019.0,,LAS
2025-03-21,15.9,9.4,23.9,0.0,0.0,,7.2,,1015.5,,LAS
2025-03-22,18.9,12.8,24.4,0.0,0.0,,5.0,,1012.1,,LAS
2025-03-23,21.4,16.1,26.7,0.0,0.0,,10.8,,1015.7,,LAS
2025-03-24,21.4,14.4,29.4,0.0,0.0,,5.8,,1018.2,,LAS
2025-03-25,23.5,16.1,31.1,0.0,0.0,,5.4,,1015.1,,LAS
2025-03-26,24.3,16.7,33.3,0.0,0.0,,10.8,,1010.3,,LAS
2025-03-27,25.3,18.9,29.4,0.0,0.0,,20.5,,1007.7,,LAS
2025-03-28,20.4,15.6,22.8,0.0,0.0,,18.7,,1005.9,,LAS
2025-03-29,17.8,12.2,23.3,0.0,0.0,,11.9,,1007.3,,LAS
2025-03-30,19.3,15.0,25.0,0.0,0.0,,19.1,,1008.5,,LAS
2025-03-31,19.1,14.4,23.9,0.0,0.0,,25.2,,1008.5,,LAS
2025-01-01,11.8,8.3,15.0,0.0,,,6.5,,1018.7,,LAX
2025-01-02,13.0,8.3,21.7,0.0,,,7.2,,1018.4,,LAX
2025-01-03,11.7,9.4,16.1,0.0,,,8.3,,1018.0,,LAX
2025-01-04,12.9,8.9,16.7,0.0,,,7.9,,1019.0,,LAX
2025-01-05,14.3,7.2,23.9,0.0,,,6.5,,1019.5,,LAX
2025-01-06,15.1,8.3,21.7,0.0,,,4.7,,1017.2,,LAX
2025-01-07,15.3,9.4,22.8,0.0,,,21.6,,1014.5,,LAX
2025-01-08,18.4,11.7,22.8,0.0,,,16.9,,1018.6,,LAX
2025-01-09,15.0,7.8,20.0,0.0,,,7.9,,1019.5,,LAX
2025-01-10,14.2,7.8,21.1,0.0,,,5.8,,1024.4,,LAX
2025-01-11,13.7,7.8,18.9,0.0,,,8.3,,1017.1,,LAX
2025-01-12,14.2,7.8,20.6,0.0,,,7.9,,1017.9,,LAX
2025-01-13,13.0,6.1,20.0,0.0,,,5.8,,1022.3,,LAX
2025-01-14,12.8,5.0,18.9,0.0,,,7.6,,1024.6,,LAX
2025-01-15,13.7,6.7,22.2,0.0,,,9.0,,1022.6,,LAX
2025-01-16,14.2,8.9,19.4,0.0,,,10.4,,1020.8,,LAX
2025-01-17,12.0,7.2,15.6,0.0,,,9.4,,1022.6,,LAX
2025-01-18,12.2,8.9,16.7,0.0,,,9.0,,1023.4,,LAX
2025-01-19,11.4,7.2,15.0,0.0,,,9.4,,1021.9,,LAX
2025-01-20,13.4,10.0,22.2,0.0,,,8.6,,1022.2,,LAX
2025-01-21,14.2,5.0,21.1,0.0,,,7.9,,1028.4,,LAX
2025-01-22,15.9,10.0,23.3,0.0,,,6.1,,1023.0,,LAX
2025-01-23,17.4,8.3,26.7,0.0,,,7.9,,1023.8,,LAX
2025-01-24,17.9,11.7,22.2,0.0,,,11.9,,1016.9,,LAX
2025-01-25,12.9,7.8,16.7,0.0,,,13.7,,1012.3,,LAX
2025-01-26,12.1,9.4,14.4,15.5,,,14.8,,1016.5,,LAX
2025-01-27,10.9,8.3,15.0,8.4,,,10.8,,1018.9,,LAX
2025-01-28,11.2,6.7,16.1,0.0,,,9.0,,1017.9,,LAX
2025-01-29,12.0,8.9,16.1,0.0,,,9.0,,1022.7,,LAX
2025-01-30,12.2,10.0,13.9,0.0,,,9.0,,1023.7,,LAX
2025-01-31,11.5,6.7,15.6,0.0,,,9.0,,1024.0,,LAX
2025-02-01,12.9,8.9,18.9,0.0,,,8.6,,1020.4,,LAX
2025-02-02,14.6,11.7,18.9,0.0,,,9.4,,1018.4,,LAX
2025-02-03,12.1,10.6,15.0,0.0,,,10.1,,1014.4,,LAX
2025-02-04,13.6,9.4,17.8,1.0,,,9.7,,1015.4,,LAX
2025-02-05,13.9,11.7,17.2,8.1,,,12.2,,1017.6,,LAX
2025-02-06,14.8,10.0,16.7,6.6,,,13.7,,1017.0,,LAX
2025-02-07,15.2,10.0,15.6,0.3,,,16.9,,1019.3,,LAX
2025-02-08,12.6,8.9,16.7,0.0,,,8.6,,1020.8,,LAX
2025-02-09,13.3,9.4,18.9,0.0,,,7.9,,1017.2,,LAX
2025-02-10,13.1,7.8,16.7,0.0,,,10.1,,1017.1,,LAX
2025-02-11,12.7,10.0,15.6,0.0,,,14.4,,1013.9,,LAX
2025-02-12,12.0,10.0,13.3,3.0,,,14.8,,1013.4,,LAX
2025-02-13,13.3,12.2,15.6,48.3,,,18.7,,1014.7,,LAX
2025-02-14,14.6,11.7,16.1,0.3,,,24.1,,1019.0,,LAX
2025-02-15,13.6,8.3,18.9,0.0,,,8.3,,1022.4,,LAX
2025-02-16,14.4,9.4,20.6,0.0,,,7.2,,1017.5,,LAX
2025-02-17,13.9,8.3,18.3,0.0,,,10.8,,1014.9,,LAX
2025-02-18,13.8,10.0,18.3,0.0,,,10.8,,1016.8,,LAX
2025-02-19,13.8,10.0,18.3,0.0,,,8.6,,1018.1,,LAX
2025-02-20,13.5,10.0,18.9,0.0,,,11.2,,1015.1,,LAX
2025-02-21,14.9,11.7,23.3,0.0,,,11.2,,1018.1,,LAX
2025-02-22,13.6,8.3,19.4,0.0,,,9.7,,1022.3,,LAX
2025-02-23,14.9,9.4,21.7,0.0,,,8.6,,1022.3,,LAX
2025-02-24,15.6,10.0,20.6,0.0,,,7.9,,1018.9,,LAX
2025-02-25,14.4,11.1,21.1,0.0,,,9.4,,1014.5,,LAX
2025-02-26,14.3,11.1,18.3,0.0,,,8.6,,1014.5,,LAX
2025-02-27,16.1,10.0,30.0,0.0,,,9.4,,1016.1,,LAX
2025-02-28,17.2,12.2,20.6,0.0,,,13.7,,1014.1,,LAX
2025-03-01,14.3,12.8,16.7,0.0,,,10.4,,1015.2,,LAX
2025-03-02,14.4,11.7,17.2,0.0,,,24.1,,1018.4,,LAX
2025-03-03,13.1,10.0,17.2,0.0,,,18.0,,1017.8,,LAX
2025-03-04,13.4,10.0,17.8,0.0,,,14.8,,1021.0,,LAX
2025-03-05,12.2,10.0,14.4,11.4,,,10.4,,1014.8,,LAX
2025-03-06,11.4,8.9,13.3,1.8,,,28.1,,1012.1,,LAX
2025-03-07,10.9,7.8,15.6,0.0,,,18.4,,1016.3,,LAX
2025-03-08,12.1,7.2,16.7,0.0,,,10.4,,1024.6,,LAX
2025-03-09,13.3,8.3,21.7,0.0,,,9.4,,1021.6,,LAX
2025-03-10,13.4,8.9,18.3,0.0,,,9.4,,1014.1,,LAX
2025-03-11,13.3,10.6,15.6,2.5,,,12.2,,1010.7,,LAX
2025-03-12,13.4,11.7,16.1,2.8,,,14.8,,1014.5,,LAX
2025-03-13,12.8,9.4,14.4,10.2,,,35.3,,1012.2,,LAX
2025-03-14,10.2,8.9,11.1,1.0,,,14.4,,1016.2,,LAX
2025-03-15,11.1,6.7,16.1,0.0,,,11.2,,1018.1,,LAX
2025-03-16,12.8,7.8,17.8,0.0,,,11.9,,1020.7,,LAX
2025-03-17,13.3,10.6,16.7,0.8,,,19.1,,1019.0,,LAX
2025-03-18,12.7,8.9,17.2,0.0,,,20.2,,1023.5,,LAX
2025-03-19,15.1,8.3,22.8,0.0,,,11.2,,1024.4,,LAX
2025-03-20,14.9,10.6,19.4,0.0,,,9.4,,1019.4,,LAX
2025-03-21,14.4,10.6,19.4,0.0,,,10.4,,1016.6,,LAX
2025-03-22,14.8,10.6,20.0,0.0,,,8.6,,1015.1,,LAX
2025-03-23,15.2,12.8,18.9,0.0,,,10.8,,1016.0,,LAX
2025-03-24,15.2,12.2,20.0,0.0,,,12.2,,1016.9,,LAX
2025-03-25,13.5,12.2,18.3,0.0,,,13.3,,1015.4,,LAX
2025-03-26,13.5,12.8,16.1,0.0,,,11.2,,1017.6,,LAX
2025-03-27,15.2,13.9,17.8,0.0,,,16.9,,1017.6,,LAX
2025-03-28,15.0,12.8,18.9,0.0,,,17.6,,1015.1,,LAX
2025-03-29,14.3,10.6,17.8,0.0,,,11.9,,1014.9,,LAX
2025-03-30,14.0,11.7,17.2,1.3,,,11.9,,1018.2,,LAX
2025-03-31,14.4,12.8,17.8,1.0,,,18.4,,1018.2,,LAX
2025-01-01,8.2,4.4,11.1,0.0,0.0,,25.9,,1001.1,,LGA
2025-01-02,4.8,1.7,6.7,0.0,0.0,,32.8,,1012.2,,LGA
2025-01-03,2.2,0.0,4.4,0.0,0.0,,23.0,,1011.6,,LGA
2025-01-04,0.3,-1.6,1.1,0.0,0.0,,35.6,,1011.1,,LGA
2025-01-05,-0.9,-2.1,1.1,0.0,0.0,,26.6,,1016.3,,LGA
2025-01-06,-0.9,-4.9,0.0,1.0,0.0,,15.5,,1010.3,,LGA
2025-01-07,-3.2,-6.6,1.1,0.0,0.0,,39.2,,1009.6,,LGA
2025-01-08,-2.4,-4.3,-0.5,0.0,0.0,,38.5,,1012.4,,LGA
2025-01-09,-2.7,-4.3,1.1,0.0,0.0,,40.3,,1007.7,,LGA
2025-01-10,0.2,-2.1,5.0,0.0,0.0,,21.2,,1011.9,,LGA
2025-01-11,0.9,-1.6,2.2,0.5,0.0,,17.6,,1002.2,,LGA
2025-01-12,1.9,-0.5,6.1,0.0,0.0,,14.8,,1014.5,,LGA
2025-01-13,3.8,1.1,6.7,0.0,0.0,,18.0,,1014.2,,LGA
2025-01-14,0.8,-3.2,2.2,0.0,0.0,,28.4,,1015.6,,LGA
2025-01-15,-2.2,-4.3,0.6,0.0,0.0,,29.2,,1019.9,,LGA
2025-01-16,-2.2,-3.8,-0.5,0.0,0.0,,16.9,,1014.9,,LGA
2025-01-17,0.4,-2.7,6.7,0.0,0.0,,15.5,,1016.9,,LGA
2025-01-18,4.7,2.2,7.8,2.8,0.0,,15.1,,1013.3,,LGA
2025-01-19,3.8,-3.2,5.0,4.6,0.0,,18.4,,1007.6,,LGA
2025-01-20,-3.8,-7.7,-2.1,0.0,5.0,,25.2,,1022.0,,LGA
2025-01-21,-7.9,-10.5,-6.6,0.0,5.0,,18.0,,1032.9,,LGA
2025-01-22,-8.2,-10.5,-6.0,0.0,3.0,,13.0,,1032.4,,LGA
2025-01-23,-5.3,-7.7,-1.0,0.0,3.0,,13.3,,1025.0,,LGA
2025-01-24,-1.9,-3.8,1.1,0.0,3.0,,18.4,,1021.7,,LGA
2025-01-25,-2.1,-4.9,0.6,0.0,3.0,,13.3,,1025.9,,LGA
2025-01-26,2.4,0.0,6.7,0.0,0.0,,16.9,,1020.4,,LGA
2025-01-27,2.9,0.6,5.6,0.0,0.0,,22.0,,1013.4,,LGA
2025-01-28,3.8,0.6,5.6,0.0,0.0,,24.8,,1002.9,,LGA
2025-01-29,5.8,0.0,11.7,0.0,0.0,,32.0,,1000.2,,LGA
2025-01-30,0.4,-3.2,3.3,0.0,0.0,,21.6,,1021.6,,LGA
2025-01-31,5.2,3.3,10.0,4.1,0.0,,10.8,,1011.9,,LGA
2025-02-01,4.7,-5.5,10.0,0.0,0.0,,21.6,,1017.2,,LGA
2025-02-02,-4.8,-7.7,0.0,2.5,0.0,,14.4,,1032.0,,LGA
2025-02-03,2.7,-0.5,9.4,0.0,0.0,,9.4,,1017.7,,LGA
2025-02-04,6.9,-0.5,10.0,0.0,0.0,,27.0,,1014.6,,LGA
2025-02-05,-0.1,-2.7,2.8,0.0,0.0,,17.6,,1028.1,,LGA
2025-02-06,0.9,-1.6,4.4,8.1,0.0,,13.7,,1016.0,,LGA
2025-02-07,4.2,-1.0,7.2,0.0,0.0,,25.9,,1014.4,,LGA
2025-02-08,-0.6,-2.7,2.2,14.7,0.0,,13.0,,1023.4,,LGA
2025-02-09,0.4,-0.5,2.2,1.3,5.0,,15.8,,1016.7,,LGA
2025-02-10,1.8,-0.5,3.3,0.0,5.0,,18.4,,1027.6,,LGA
2025-02-11,0.0,-2.7,2.2,3.0,3.0,,7.2,,1028.5,,LGA
2025-02-12,0.6,-0.5,2.2,2.5,5.0,,18.4,,1024.2,,LGA
2025-02-13,3.3,1.1,8.3,4.6,0.0,,23.0,,1013.3,,LGA
2025-02-14,1.8,-1.0,2.8,0.0,0.0,,27.4,,1031.1,,LGA
2025-02-15,-0.2,-2.1,2.2,9.4,0.0,,14.4,,1028.0,,LGA
2025-02-16,2.1,1.1,9.4,20.1,0.0,,27.0,,997.1,,LGA
2025-02-17,1.9,-2.7,3.3,0.0,0.0,,40.3,,1007.4,,LGA
2025-02-18,-3.6,-6.6,-2.1,0.0,0.0,,31.3,,1020.8,,LGA
2025-02-19,-4.6,-7.7,-0.5,0.0,0.0,,23.8,,1024.7,,LGA
2025-02-20,-4.3,-7.1,-1.0,0.0,0.0,,21.2,,1015.4,,LGA
2025-02-21,-2.7,-5.5,1.7,0.0,0.0,,33.8,,1021.4,,LGA
2025-02-22,-1.5,-5.5,5.0,0.0,0.0,,18.0,,1026.0,,LGA
2025-02-23,4.1,1.7,8.3,0.0,0.0,,16.9,,1019.0,,LGA
2025-02-24,5.4,1.1,9.4,0.0,0.0,,16.2,,1017.2,,LGA
2025-02-25,8.8,6.1,13.9,0.0,0.0,,13.0,,1008.8,,LGA
2025-02-26,9.7,6.1,13.9,0.0,0.0,,17.3,,1011.8,,LGA
2025-02-27,8.4,4.4,12.8,0.0,0.0,,15.8,,1006.6,,LGA
2025-02-28,8.7,6.1,11.1,0.0,0.0,,21.6,,1005.3,,LGA
2025-03-01,9.3,-2.1,18.3,0.0,0.0,,26.3,,1001.7,,LGA
2025-03-02,-1.9,-6.0,1.1,0.0,0.0,,29.2,,1018.1,,LGA
2025-03-03,-1.6,-4.3,4.4,0.0,0.0,,16.6,,1023.9,,LGA
2025-03-04,4.6,0.6,10.6,0.0,0.0,,15.5,,1021.4,,LGA
2025-03-05,8.7,5.6,12.8,39.1,0.0,,24.5,,1006.6,,LGA
2025-03-06,10.3,2.2,12.2,0.0,0.0,,29.9,,992.3,,LGA
2025-03-07,4.8,1.7,10.6,0.0,0.0,,35.6,,1003.0,,LGA
2025-03-08,6.5,2.8,7.8,0.0,0.0,,28.8,,1005.1,,LGA
2025-03-09,5.2,1.1,12.2,0.0,0.0,,22.0,,1012.0,,LGA
2025-03-10,12.1,7.8,19.4,0.0,0.0,,15.5,,1010.3,,LGA
2025-03-11,11.4,5.0,17.2,0.0,0.0,,15.5,,1008.0,,LGA
2025-03-12,10.1,5.6,12.2,0.0,0.0,,15.8,,1013.7,,LGA
2025-03-13,5.9,3.9,7.8,0.0,0.0,,20.9,,1018.6,,LGA
2025-03-14,7.0,4.4,12.8,0.0,0.0,,13.7,,1020.6,,LGA
2025-03-15,6.8,5.6,9.4,0.0,0.0,,12.2,,1019.5,,LGA
2025-03-16,10.4,6.1,15.0,0.3,0.0,,22.7,,1014.2,,LGA
2025-03-17,12.4,3.9,14.4,23.9,0.0,,15.5,,1010.0,,LGA
2025-03-18,7.2,2.2,16.1,0.0,0.0,,16.6,,1016.9,,LGA
2025-03-19,10.2,5.0,17.2,0.0,0.0,,12.2,,1017.6,,LGA
2025-03-20,8.2,5.6,10.6,32.0,0.0,,15.1,,1008.9,,LGA
2025-03-21,7.9,4.4,10.0,1.0,0.0,,31.7,,1004.0,,LGA
2025-03-22,10.7,4.4,17.2,0.0,0.0,,23.8,,1007.5,,LGA
2025-03-23,5.2,0.0,9.4,0.0,0.0,,21.2,,1018.7,,LGA
2025-03-24,6.5,3.9,10.6,13.2,0.0,,15.1,,1011.8,,LGA
2025-03-25,11.2,8.9,15.0,0.0,0.0,,22.0,,1011.0,,LGA
2025-03-26,8.8,3.9,11.1,0.0,0.0,,18.7,,1016.2,,LGA
2025-03-27,5.7,2.2,11.7,0.0,0.0,,22.3,,1022.4,,LGA
2025-03-28,11.7,8.9,17.8,0.8,0.0,,14.0,,1020.7,,LGA
2025-03-29,16.1,6.1,27.8,0.0,0.0,,21.6,,1015.4,,LGA
2025-03-30,7.1,5.6,7.8,1.3,0.0,,17.6,,1019.9,,LGA
2025-03-31,11.7,6.7,21.1,18.8,0.0,,10.8,,1006.4,,LGA
2025-01-01,19.7,12.2,22.8,0.0,0.0,,11.2,,1018.4,,MCO
2025-01-02,14.3,8.3,19.4,0.0,0.0,,13.0,,1024.3,,MCO
2025-01-03,12.6,7.2,19.4,0.0,0.0,,11.5,,1024.4,,MCO
2025-01-04,12.6,7.8,18.3,0.0,0.0,,12.6,,1025.9,,MCO
2025-01-05,12.7,6.1,22.2,0.0,0.0,,10.1,,1023.3,,MCO
2025-01-06,17.4,9.4,26.1,0.0,0.0,,21.2,,1014.9,,MCO
2025-01-07,10.6,5.0,13.9,0.0,0.0,,20.2,,1020.8,,MCO
2025-01-08,9.4,5.6,15.6,0.0,0.0,,14.4,,1022.6,,MCO
2025-01-09,8.4,3.3,13.3,0.0,0.0,,17.3,,1022.0,,MCO
2025-01-10,10.8,3.3,22.2,0.0,0.0,,14.0,,1016.8,,MCO
2025-01-11,16.4,8.9,18.9,0.5,0.0,,15.8,,1013.7,,MCO
2025-01-12,10.8,4.4,17.8,0.0,0.0,,9.7,,1019.3,,MCO
2025-01-13,14.9,11.1,21.7,0.0,0.0,,10.4,,1019.4,,MCO
2025-01-14,14.9,8.9,18.9,0.0,0.0,,18.4,,1023.7,,MCO
2025-01-15,11.8,7.2,16.1,0.0,0.0,,14.8,,1027.3,,MCO
2025-01-16,12.6,9.4,17.2,0.0,0.0,,9.0,,1024.6,,MCO
2025-01-17,14.8,10.6,21.1,0.0,0.0,,10.8,,1020.9,,MCO
2025-01-18,18.0,15.0,23.3,0.5,0.0,,11.2,,1015.3,,MCO
2025-01-19,20.2,13.9,23.9,10.4,0.0,,18.7,,1014.6,,MCO
2025-01-20,11.8,6.7,13.9,0.0,0.0,,19.8,,1024.8,,MCO
2025-01-21,10.2,5.0,15.0,18.8,0.0,,19.8,,1023.1,,MCO
2025-01-22,6.2,3.9,8.3,7.9,0.0,,24.8,,1024.3,,MCO
2025-01-23,6.4,5.0,9.4,1.8,0.0,,20.9,,1023.7,,MCO
2025-01-24,8.1,4.4,13.9,0.0,0.0,,16.6,,1025.4,,MCO
2025-01-25,9.4,3.3,18.9,0.0,0.0,,16.6,,1029.4,,MCO
2025-01-26,12.7,6.1,22.8,0.0,0.0,,11.2,,1028.2,,MCO
2025-01-27,15.9,10.0,23.3,0.0,0.0,,4.0,,1022.2,,MCO
2025-01-28,16.6,10.0,23.9,0.0,0.0,,9.0,,1019.1,,MCO
2025-01-29,16.4,11.1,22.8,0.0,0.0,,10.4,,1020.5,,MCO
2025-01-30,17.6,10.6,25.6,0.0,0.0,,11.2,,1021.7,,MCO
2025-01-31,20.3,13.9,28.3,0.0,0.0,,13.0,,1019.7,,MCO
2025-02-01,19.9,15.6,22.2,0.0,0.0,,13.0,,1020.0,,MCO
2025-02-02,20.2,16.1,27.2,0.0,0.0,,9.0,,1021.2,,MCO
2025-02-03,22.4,18.9,28.3,0.0,0.0,,6.1,,1021.3,,MCO
2025-02-04,23.3,19.4,28.9,0.0,0.0,,7.6,,1021.2,,MCO
2025-02-05,21.9,15.6,28.9,0.0,0.0,,7.6,,1020.9,,MCO
2025-02-06,22.3,17.2,27.8,0.0,0.0,,11.2,,1020.9,,MCO
2025-02-07,21.1,15.0,27.2,0.0,0.0,,6.5,,1021.5,,MCO
2025-02-08,21.6,17.2,28.3,0.0,0.0,,6.8,,1021.6,,MCO
2025-02-09,21.9,15.0,28.9,0.0,0.0,,5.4,,1021.8,,MCO
2025-02-10,22.0,16.1,28.9,0.0,0.0,,7.6,,1022.0,,MCO
2025-02-11,23.1,18.9,29.4,0.0,0.0,,12.6,,1018.7,,MCO
2025-02-12,22.7,16.7,30.0,0.0,0.0,,16.2,,1016.2,,MCO
2025-02-13,24.6,19.4,31.1,0.0,0.0,,16.9,,1020.6,,MCO
2025-02-14,21.8,17.8,25.6,0.0,0.0,,19.1,,1026.4,,MCO
2025-02-15,23.6,20.6,29.4,0.3,0.0,,15.8,,1020.5,,MCO
2025-02-16,22.4,15.6,30.0,0.5,0.0,,21.2,,1014.2,,MCO
2025-02-17,16.8,10.6,21.7,0.0,0.0,,15.1,,1019.4,,MCO
2025-02-18,16.0,10.6,25.0,0.0,0.0,,15.5,,1019.2,,MCO
2025-02-19,20.7,17.2,27.8,2.5,0.0,,13.3,,1014.5,,MCO
2025-02-20,15.6,10.0,19.4,0.0,0.0,,15.8,,1019.4,,MCO
2025-02-21,11.0,4.4,17.2,0.0,0.0,,22.0,,1027.1,,MCO
2025-02-22,13.1,6.7,21.7,0.0,0.0,,10.4,,1025.8,,MCO
2025-02-23,17.1,10.0,25.0,0.0,0.0,,7.6,,1021.3,,MCO
2025-02-24,17.0,15.0,18.3,29.0,0.0,,10.8,,1014.9,,MCO
2025-02-25,17.1,13.9,20.0,0.5,0.0,,11.9,,1010.9,,MCO
2025-02-26,18.0,11.1,26.1,0.0,0.0,,5.8,,1016.3,,MCO
2025-02-27,20.4,14.4,27.8,0.0,0.0,,8.3,,1016.9,,MCO
2025-02-28,20.1,13.3,26.1,0.0,0.0,,10.4,,1016.4,,MCO
2025-03-01,17.6,13.3,23.3,0.0,0.0,,11.2,,1015.3,,MCO
2025-03-02,19.2,12.2,25.6,0.0,0.0,,15.5,,1016.2,,MCO
2025-03-03,16.4,10.0,25.6,0.0,0.0,,13.3,,1019.5,,MCO
2025-03-04,20.0,15.0,26.1,0.0,0.0,,19.8,,1018.4,,MCO
2025-03-05,21.3,17.8,27.8,2.5,0.0,,25.6,,1010.5,,MCO
2025-03-06,17.2,11.1,21.1,0.0,0.0,,25.2,,1013.4,,MCO
2025-03-07,15.4,7.8,24.4,0.0,0.0,,7.6,,1018.2,,MCO
2025-03-08,18.6,11.1,27.8,0.0,0.0,,5.8,,1015.9,,MCO
2025-03-09,22.3,16.7,29.4,0.0,0.0,,9.7,,1014.3,,MCO
2025-03-10,21.4,14.4,26.7,1.5,0.0,,26.3,,1009.5,,MCO
2025-03-11,17.4,10.6,25.6,0.0,0.0,,15.1,,1014.4,,MCO
2025-03-12,17.9,8.9,26.1,0.0,0.0,,7.9,,1017.2,,MCO
2025-03-13,18.6,10.0,26.7,0.0,0.0,,11.2,,1016.6,,MCO
2025-03-14,21.0,13.9,28.3,0.0,0.0,,10.4,,1015.2,,MCO
2025-03-15,23.1,17.8,31.1,0.0,0.0,,19.8,,1013.1,,MCO
2025-03-16,24.6,20.6,31.1,0.3,0.0,,22.0,,1013.3,,MCO
2025-03-17,20.1,13.3,22.2,0.0,0.0,,23.4,,1018.2,,MCO
2025-03-18,17.2,8.9,26.7,0.0,0.0,,13.7,,1021.6,,MCO
2025-03-19,17.9,8.3,28.3,0.0,0.0,,4.7,,1018.9,,MCO
2025-03-20,19.3,10.6,28.9,0.0,0.0,,20.2,,1015.5,,MCO
2025-03-21,15.1,8.9,20.6,0.0,0.0,,15.5,,1019.7,,MCO
2025-03-22,15.1,7.8,24.4,0.0,0.0,,5.8,,1021.3,,MCO
2025-03-23,18.4,10.6,27.2,0.0,0.0,,13.7,,1020.6,,MCO
2025-03-24,21.2,13.9,29.4,0.0,0.0,,10.8,,1018.1,,MCO
2025-03-25,22.9,17.8,28.9,0.0,0.0,,7.9,,1017.9,,MCO
2025-03-26,22.8,16.1,31.1,0.0,0.0,,11.2,,1020.2,,MCO
2025-03-27,22.0,15.0,30.0,0.0,0.0,,13.0,,1023.1,,MCO
2025-03-28,21.2,15.0,27.8,0.0,0.0,,17.6,,1024.4,,MCO
2025-03-29,22.2,17.2,29.4,0.0,0.0,,16.2,,1021.1,,MCO
2025-03-30,24.0,19.4,31.7,15.7,0.0,,15.1,,1017.3,,MCO
2025-03-31,23.2,17.2,31.7,0.0,0.0,,10.8,,1014.1,,MCO
2025-01-01,-0.8,-3.9,2.2,0.0,0.0,,23.2,,1020.0,,MDW
2025-01-02,-1.9,-3.9,0.6,0.0,0.0,,16.2,,1024.7,,MDW
2025-01-03,-4.4,-7.2,-2.8,0.0,0.0,,20.5,,1025.6,,MDW
2025-01-04,-6.9,-10.0,-3.3,0.0,0.0,,15.4,,1028.5,,MDW
2025-01-05,-5.8,-8.3,-1.1,0.3,0.0,,14.4,,1024.1,,MDW
2025-01-06,-2.2,-5.0,0.0,0.0,0.0,,25.5,,1022.3,,MDW
2025-01-07,-5.2,-8.3,-2.2,0.0,0.0,,12.3,,1031.4,,MDW
2025-01-08,-6.0,-9.4,-2.2,0.0,0.0,,10.9,,1028.0,,MDW
2025-01-09,-5.9,-9.4,-1.7,0.0,0.0,,14.5,,1024.9,,MDW
2025-01-10,-2.9,-6.1,-1.1,2.3,5.0,,14.2,,1013.4,,MDW
2025-01-11,-1.3,-2.8,0.6,0.0,2.0,,13.9,,1010.7,,MDW
2025-01-12,-0.8,-6.1,2.2,1.3,2.0,,24.2,,1010.6,,MDW
2025-01-13,-9.1,-12.2,-6.1,0.0,2.0,,22.5,,1022.0,,MDW
2025-01-14,-9.7,-12.2,-7.8,0.3,2.0,,15.7,,1028.0,,MDW
2025-01-15,-10.6,-15.0,-6.7,0.0,2.0,,18.8,,1029.9,,MDW
2025-01-16,-0.8,-7.2,3.9,0.0,2.0,,17.8,,1014.4,,MDW
2025-01-17,2.7,-2.8,7.8,0.0,0.0,,21.5,,1007.9,,MDW
2025-01-18,-0.6,-8.3,5.6,0.0,0.0,,21.5,,1013.2,,MDW
2025-01-19,-12.7,-16.7,-8.3,0.0,0.0,,22.6,,1026.0,,MDW
2025-01-20,-14.7,-17.8,-10.6,0.0,0.0,,20.5,,1034.1,,MDW
2025-01-21,-18.4,-21.1,-16.7,0.0,0.0,,21.0,,1036.5,,MDW
2025-01-22,-9.4,-17.8,-3.3,0.3,0.0,,23.1,,1023.8,,MDW
2025-01-23,-6.6,-12.8,-3.3,0.0,0.0,,17.7,,1023.7,,MDW
2025-01-24,-9.7,-15.6,-4.4,0.0,0.0,,15.6,,1025.6,,MDW
2025-01-25,-0.4,-5.0,6.7,0.0,0.0,,23.7,,1020.8,,MDW
2025-01-26,-3.7,-7.2,0.6,0.0,0.0,,14.0,,1027.2,,MDW
2025-01-27,0.0,-7.8,7.2,0.0,0.0,,24.1,,1014.4,,MDW
2025-01-28,4.3,-2.2,9.4,0.0,0.0,,21.3,,1006.3,,MDW
2025-01-29,5.4,0.6,8.9,0.0,0.0,,18.4,,1011.9,,MDW
2025-01-30,4.2,-1.7,9.4,13.2,0.0,,12.3,,1014.1,,MDW
2025-01-31,3.8,1.7,5.0,20.6,0.0,,19.7,,1009.9,,MDW
2025-02-01,0.3,-0.6,1.7,0.0,0.0,,22.1,,1025.9,,MDW
2025-02-02,4.0,0.0,7.2,0.0,0.0,,13.7,,1016.2,,MDW
2025-02-03,5.0,1.1,8.9,0.0,0.0,,16.2,,1013.5,,MDW
2025-02-04,-2.0,-3.9,1.7,0.0,0.0,,20.8,,1030.0,,MDW
2025-02-05,-1.6,-2.8,0.0,0.0,0.0,,20.3,,1024.3,,MDW
2025-02-06,0.9,-2.2,3.9,0.0,0.0,,21.2,,1013.6,,MDW
2025-02-07,-2.8,-6.1,0.6,0.0,0.0,,10.8,,1026.0,,MDW
2025-02-08,-0.4,-1.7,1.1,0.3,0.0,,14.6,,1017.2,,MDW
2025-02-09,-2.1,-5.0,0.6,0.0,0.0,,13.9,,1028.0,,MDW
2025-02-10,-3.0,-8.3,2.8,0.0,0.0,,9.7,,1032.8,,MDW
2025-02-11,-2.9,-3.9,-1.1,0.0,0.0,,18.6,,1026.3,,MDW
2025-02-12,-2.6,-3.9,-1.1,3.6,5.0,,21.8,,1015.9,,MDW
2025-02-13,-7.6,-13.9,-2.2,0.0,2.0,,21.2,,1025.1,,MDW
2025-02-14,-8.6,-15.0,-2.2,3.0,8.0,,13.9,,1034.4,,MDW
2025-02-15,-0.1,-2.2,1.7,0.0,5.0,,13.1,,1013.7,,MDW
2025-02-16,-3.7,-12.2,-1.7,0.3,5.0,,27.3,,1013.1,,MDW
2025-02-17,-13.8,-16.7,-11.1,0.0,5.0,,20.8,,1028.4,,MDW
2025-02-18,-14.2,-18.9,-8.9,0.0,5.0,,15.4,,1036.3,,MDW
2025-02-19,-11.4,-13.9,-7.2,0.0,5.0,,15.8,,1034.6,,MDW
2025-02-20,-9.1,-15.0,-3.9,0.0,5.0,,16.3,,1033.2,,MDW
2025-02-21,-6.4,-11.7,-1.7,0.0,0.0,,12.6,,1036.0,,MDW
2025-02-22,-2.9,-9.4,1.7,0.0,2.0,,18.4,,1025.8,,MDW
2025-02-23,2.0,-3.9,8.3,0.0,0.0,,13.2,,1018.0,,MDW
2025-02-24,8.2,3.3,13.9,0.0,0.0,,20.7,,1007.7,,MDW
2025-02-25,8.1,2.8,13.9,0.0,0.0,,9.6,,1009.7,,MDW
2025-02-26,6.3,2.8,10.6,1.0,0.0,,12.2,,1009.7,,MDW
2025-02-27,5.9,1.7,10.6,0.0,0.0,,17.8,,1011.7,,MDW
2025-02-28,7.7,1.1,15.6,0.0,0.0,,29.3,,1003.4,,MDW
2025-03-01,-1.9,-6.1,2.2,0.0,0.0,,21.5,,1019.2,,MDW
2025-03-02,-1.9,-7.8,3.3,0.0,0.0,,8.1,,1025.1,,MDW
2025-03-03,4.5,0.6,9.4,0.0,0.0,,17.0,,1017.6,,MDW
2025-03-04,8.2,6.7,9.4,25.4,0.0,,18.6,,1003.3,,MDW
2025-03-05,6.6,-0.6,12.2,5.3,0.0,,26.2,,988.3,,MDW
2025-03-06,1.6,-1.7,6.1,0.0,0.0,,20.5,,1011.4,,MDW
2025-03-07,2.4,0.6,4.4,3.3,0.0,,8.4,,1012.2,,MDW
2025-03-08,4.5,-0.6,10.6,0.0,0.0,,14.8,,1016.8,,MDW
2025-03-09,8.5,0.6,15.0,0.0,0.0,,17.3,,1015.0,,MDW
2025-03-10,13.2,5.0,21.1,0.0,0.0,,18.2,,1008.0,,MDW
2025-03-11,8.4,3.3,15.6,0.0,0.0,,22.0,,1007.9,,MDW
2025-03-12,6.7,3.3,11.7,0.0,0.0,,12.8,,1010.6,,MDW
2025-03-13,8.6,2.2,15.6,0.0,0.0,,10.9,,1011.9,,MDW
2025-03-14,18.5,10.0,26.7,5.8,0.0,,23.4,,1001.4,,MDW
2025-03-15,15.1,6.1,19.4,8.1,0.0,,29.1,,991.9,,MDW
2025-03-16,2.2,-1.7,6.7,8.1,0.0,,16.7,,1005.2,,MDW
2025-03-17,4.9,-2.8,12.2,0.0,0.0,,20.0,,1018.7,,MDW
2025-03-18,14.1,7.8,22.8,0.0,0.0,,20.6,,1007.3,,MDW
2025-03-19,6.8,2.8,10.0,18.8,0.0,,16.8,,999.8,,MDW
2025-03-20,2.9,0.0,7.2,7.4,5.0,,23.2,,1010.4,,MDW
2025-03-21,7.7,0.0,16.1,0.0,0.0,,26.0,,1009.7,,MDW
2025-03-22,5.1,1.7,10.0,0.0,0.0,,18.6,,1014.1,,MDW
2025-03-23,5.8,2.2,10.0,4.6,0.0,,23.4,,1010.2,,MDW
2025-03-24,5.5,1.7,10.6,0.0,0.0,,28.2,,1009.3,,MDW
2025-03-25,4.7,0.0,11.1,0.0,0.0,,11.4,,1017.4,,MDW
2025-03-26,5.1,0.0,12.2,0.0,0.0,,8.0,,1023.6,,MDW
2025-03-27,9.8,6.7,12.8,0.0,0.0,,13.9,,1021.9,,MDW
2025-03-28,17.9,9.4,26.7,15.2,0.0,,23.4,,1010.9,,MDW
2025-03-29,17.8,9.4,20.0,1.5,0.0,,22.9,,1009.2,,MDW
2025-03-30,16.0,6.1,25.6,8.1,0.0,,23.3,,1002.7,,MDW
2025-03-31,4.7,2.2,8.9,0.0,0.0,,19.8,,1013.0,,MDW
2025-01-01,23.3,20.0,27.2,0.0,0.0,,7.2,,1018.1,,MIA
2025-01-02,21.6,17.8,25.6,0.0,0.0,,10.8,,1021.7,,MIA
2025-01-03,20.2,15.6,25.0,0.0,0.0,,9.0,,1022.6,,MIA
2025-01-04,17.3,12.8,22.2,0.0,0.0,,11.9,,1024.1,,MIA
2025-01-05,17.8,13.3,23.9,0.0,0.0,,11.5,,1022.8,,MIA
2025-01-06,21.8,18.3,26.7,0.0,0.0,,12.2,,1016.8,,MIA
2025-01-07,17.9,11.7,21.7,0.0,0.0,,13.7,,1018.4,,MIA
2025-01-08,14.5,10.6,22.2,0.0,0.0,,11.9,,1020.6,,MIA
2025-01-09,14.4,9.4,19.4,0.0,0.0,,13.0,,1019.7,,MIA
2025-01-10,15.6,10.6,22.8,0.0,0.0,,8.6,,1016.8,,MIA
2025-01-11,20.3,16.1,25.0,0.0,0.0,,10.8,,1014.1,,MIA
2025-01-12,18.3,13.9,23.9,0.0,0.0,,8.6,,1018.4,,MIA
2025-01-13,20.1,14.4,26.1,0.0,0.0,,9.4,,1019.4,,MIA
2025-01-14,21.4,16.1,23.3,0.0,0.0,,9.0,,1021.4,,MIA
2025-01-15,18.8,15.0,23.9,0.0,0.0,,12.6,,1024.5,,MIA
2025-01-16,19.6,16.7,23.3,0.0,0.0,,9.7,,1022.5,,MIA
2025-01-17,19.7,18.3,22.2,3.8,0.0,,11.5,,1019.3,,MIA
2025-01-18,23.4,20.6,27.8,12.2,0.0,,13.3,,1016.5,,MIA
2025-01-19,24.2,21.1,29.4,0.0,0.0,,15.5,,1016.4,,MIA
2025-01-20,18.8,14.4,22.8,3.8,0.0,,9.4,,1021.7,,MIA
2025-01-21,19.2,15.6,26.7,0.0,0.0,,8.3,,1020.0,,MIA
2025-01-22,16.6,11.1,20.6,1.3,0.0,,13.3,,1019.6,,MIA
2025-01-23,13.1,10.0,14.4,1.5,0.0,,11.9,,1021.0,,MIA
2025-01-24,11.1,8.9,15.0,0.0,0.0,,13.7,,1023.4,,MIA
2025-01-25,14.6,8.3,22.8,0.0,0.0,,13.7,,1026.5,,MIA
2025-01-26,19.0,15.0,24.4,0.0,0.0,,10.8,,1025.7,,MIA
2025-01-27,20.4,15.0,26.1,0.0,0.0,,7.2,,1021.2,,MIA
2025-01-28,20.1,13.9,26.7,0.0,0.0,,6.1,,1019.3,,MIA
2025-01-29,20.5,13.9,26.7,0.0,0.0,,4.7,,1020.4,,MIA
2025-01-30,21.0,16.1,26.1,0.0,0.0,,10.1,,1021.3,,MIA
2025-01-31,22.8,20.6,26.1,0.0,0.0,,15.1,,1020.3,,MIA
2025-02-01,24.3,20.6,28.9,0.0,0.0,,8.6,,1019.4,,MIA
2025-02-02,24.3,21.7,27.8,0.0,0.0,,12.6,,1020.5,,MIA
2025-02-03,24.7,22.8,27.8,0.0,0.0,,12.6,,1021.0,,MIA
2025-02-04,24.2,21.1,27.8,0.0,0.0,,8.6,,1021.3,,MIA
2025-02-05,23.6,20.6,27.2,0.0,0.0,,12.6,,1021.3,,MIA
2025-02-06,23.5,20.6,27.2,0.0,0.0,,13.3,,1021.3,,MIA
2025-02-07,23.7,20.0,27.8,0.0,0.0,,11.5,,1021.2,,MIA
2025-02-08,23.9,20.0,27.8,0.0,0.0,,12.2,,1021.2,,MIA
2025-02-09,24.3,21.1,28.3,0.0,0.0,,11.9,,1021.6,,MIA
2025-02-10,24.2,20.0,27.8,0.0,0.0,,10.8,,1022.0,,MIA
2025-02-11,24.3,22.2,27.2,0.0,0.0,,16.6,,1019.3,,MIA
2025-02-12,24.2,21.7,27.8,0.0,0.0,,16.9,,1017.4,,MIA
2025-02-13,25.4,23.9,28.9,0.0,0.0,,15.8,,1021.3,,MIA
2025-02-14,25.4,22.8,28.9,0.0,0.0,,14.8,,1024.7,,MIA
2025-02-15,25.0,22.8,27.8,0.0,0.0,,19.1,,1021.1,,MIA
2025-02-16,25.8,22.8,29.4,0.0,0.0,,16.9,,1016.0,,MIA
2025-02-17,23.8,20.6,27.2,0.0,0.0,,11.5,,1017.6,,MIA
2025-02-18,24.0,20.0,28.3,15.0,0.0,,11.2,,1017.8,,MIA
2025-02-19,24.2,20.6,28.9,0.0,0.0,,12.2,,1015.5,,MIA
2025-02-20,23.1,17.2,25.6,0.0,0.0,,13.0,,1017.3,,MIA
2025-02-21,18.8,15.0,23.9,0.0,0.0,,16.6,,1023.3,,MIA
2025-02-22,20.7,18.9,23.9,0.0,0.0,,15.1,,1024.7,,MIA
2025-02-23,21.3,17.8,25.6,0.0,0.0,,11.2,,1020.9,,MIA
2025-02-24,21.1,19.4,22.8,3.3,0.0,,13.0,,1014.5,,MIA
2025-02-25,21.9,18.3,26.1,0.0,0.0,,11.2,,1009.8,,MIA
2025-02-26,20.9,16.1,27.2,0.0,0.0,,9.4,,1016.0,,MIA
2025-02-27,22.7,17.8,27.2,0.0,0.0,,7.9,,1016.8,,MIA
2025-02-28,21.9,17.2,27.2,0.0,0.0,,8.3,,1016.5,,MIA
2025-03-01,21.7,17.2,27.2,0.0,0.0,,7.6,,1015.1,,MIA
2025-03-02,21.6,16.7,27.2,0.0,0.0,,8.6,,1015.5,,MIA
2025-03-03,22.3,18.3,26.7,0.0,0.0,,14.8,,1017.6,,MIA
2025-03-04,23.2,21.1,26.7,4.3,0.0,,27.0,,1017.5,,MIA
2025-03-05,24.6,20.6,28.9,0.8,0.0,,19.4,,1013.0,,MIA
2025-03-06,21.4,14.4,25.0,0.0,0.0,,15.8,,1014.1,,MIA
2025-03-07,17.8,11.7,25.0,0.0,0.0,,9.4,,1018.3,,MIA
2025-03-08,21.9,15.6,28.9,0.0,0.0,,7.6,,1016.4,,MIA
2025-03-09,24.1,17.2,31.1,0.0,0.0,,9.4,,1015.1,,MIA
2025-03-10,25.2,17.8,31.7,0.0,0.0,,20.9,,1012.2,,MIA
2025-03-11,19.7,14.4,26.1,0.0,0.0,,14.0,,1014.8,,MIA
2025-03-12,20.8,15.6,26.7,0.0,0.0,,9.7,,1017.3,,MIA
2025-03-13,21.4,16.1,26.1,0.0,0.0,,9.4,,1016.7,,MIA
2025-03-14,23.5,19.4,28.3,0.0,0.0,,11.9,,1014.8,,MIA
2025-03-15,24.7,22.2,27.8,0.0,0.0,,20.9,,1013.9,,MIA
2025-03-16,25.8,23.3,29.4,0.3,0.0,,19.8,,1015.2,,MIA
2025-03-17,24.3,14.4,26.1,0.0,0.0,,18.4,,1017.7,,MIA
2025-03-18,19.2,13.3,26.1,0.0,0.0,,13.3,,1020.5,,MIA
2025-03-19,21.3,16.1,26.7,0.0,0.0,,7.6,,1018.6,,MIA
2025-03-20,22.6,15.6,29.4,0.0,0.0,,11.5,,1017.0,,MIA
2025-03-21,20.4,15.6,24.4,0.0,0.0,,14.0,,1018.9,,MIA
2025-03-22,19.7,15.0,25.6,0.0,0.0,,7.9,,1020.5,,MIA
2025-03-23,21.7,17.8,26.1,0.0,0.0,,10.8,,1020.4,,MIA
2025-03-24,24.3,21.7,28.3,0.0,0.0,,12.6,,1018.4,,MIA
2025-03-25,23.9,20.0,30.0,3.8,0.0,,5.4,,1018.4,,MIA
2025-03-26,23.7,19.4,28.9,0.0,0.0,,10.8,,1019.4,,MIA
2025-03-27,24.8,21.1,28.3,0.0,0.0,,15.8,,1021.7,,MIA
2025-03-28,24.3,22.8,27.2,0.0,0.0,,28.8,,1022.2,,MIA
2025-03-29,24.0,22.8,26.7,0.5,0.0,,26.6,,1019.7,,MIA
2025-03-30,24.2,20.6,27.2,30.7,0.0,,15.5,,1017.0,,MIA
2025-03-31,25.2,21.7,30.0,0.0,0.0,,10.8,,1014.8,,MIA
2025-01-01,-5.6,-8.2,-3.8,0.0,0.0,,21.6,,1021.7,,MSP
2025-01-02,-7.8,-12.1,-5.5,0.0,0.0,,16.9,,1026.3,,MSP
2025-01-03,-10.9,-14.9,-8.2,0.0,0.0,,20.5,,1031.8,,MSP
2025-01-04,-14.4,-18.2,-10.5,0.0,0.0,,14.8,,1033.8,,MSP
2025-01-05,-14.2,-18.2,-8.2,0.0,0.0,,17.6,,1031.5,,MSP
2025-01-06,-12.1,-16.6,-6.6,0.0,0.0,,10.4,,1032.1,,MSP
2025-01-07,-10.3,-13.2,-6.6,0.0,0.0,,8.3,,1035.2,,MSP
2025-01-08,-11.6,-15.5,-6.6,0.0,0.0,,9.4,,1027.9,,MSP
2025-01-09,-8.7,-11.0,-4.3,1.3,0.0,,9.4,,1018.3,,MSP
2025-01-10,-3.9,-7.7,-2.1,0.0,2.0,,13.0,,1013.2,,MSP
2025-01-11,-6.6,-8.2,-3.2,0.5,2.0,,13.7,,1006.7,,MSP
2025-01-12,-4.9,-18.2,-1.6,0.8,2.0,,23.8,,1009.1,,MSP
2025-01-13,-16.7,-19.3,-13.8,0.0,2.0,,17.6,,1023.3,,MSP
2025-01-14,-18.5,-22.7,-13.8,0.0,2.0,,11.9,,1032.3,,MSP
2025-01-15,-13.8,-19.3,-1.0,0.5,2.0,,13.0,,1022.9,,MSP
2025-01-16,-0.7,-2.1,1.7,0.0,2.0,,16.6,,1013.4,,MSP
2025-01-17,0.6,-8.8,3.3,0.0,2.0,,24.1,,1002.3,,MSP
2025-01-18,-10.9,-21.0,-8.2,0.0,2.0,,26.6,,1024.1,,MSP
2025-01-19,-21.1,-24.9,-18.2,0.0,2.0,,21.2,,1031.3,,MSP
2025-01-20,-22.8,-27.7,-21.0,0.0,2.0,,16.9,,1035.3,,MSP
2025-01-21,-23.9,-28.2,-10.5,0.0,2.0,,18.0,,1029.3,,MSP
2025-01-22,-7.7,-13.8,-1.6,0.0,2.0,,17.3,,1015.4,,MSP
2025-01-23,-13.6,-19.3,-10.5,0.0,0.0,,14.0,,1029.1,,MSP
2025-01-24,-12.5,-18.2,-2.7,0.3,0.0,,14.4,,1017.6,,MSP
2025-01-25,-3.9,-11.6,-2.1,0.0,0.0,,22.0,,1018.8,,MSP
2025-01-26,-8.8,-14.3,1.7,0.0,0.0,,16.6,,1025.6,,MSP
2025-01-27,-2.5,-6.0,3.3,0.0,0.0,,19.4,,1010.2,,MSP
2025-01-28,0.5,-4.3,8.3,0.0,0.0,,24.1,,1004.3,,MSP
2025-01-29,1.6,-2.1,3.9,0.0,0.0,,14.0,,1013.0,,MSP
2025-01-30,2.8,-3.2,11.1,0.0,0.0,,10.4,,1008.9,,MSP
2025-01-31,1.9,-3.2,5.6,0.0,0.0,,16.2,,1016.9,,MSP
2025-02-01,-2.2,-3.8,-0.5,0.0,0.0,,27.7,,1019.8,,MSP
2025-02-02,1.1,-1.0,6.7,0.0,0.0,,12.2,,1012.7,,MSP
2025-02-03,-2.2,-14.9,0.0,2.5,3.0,,20.9,,1020.7,,MSP
2025-02-04,-14.2,-18.2,-12.7,0.0,3.0,,15.5,,1037.6,,MSP
2025-02-05,-11.4,-13.8,-4.9,0.0,3.0,,16.6,,1023.8,,MSP
2025-02-06,-6.9,-11.6,-4.3,0.3,3.0,,28.4,,1015.1,,MSP
2025-02-07,-10.3,-13.8,-4.9,0.0,3.0,,7.6,,1025.2,,MSP
2025-02-08,-6.3,-15.5,-5.5,3.6,3.0,,16.9,,1021.9,,MSP
2025-02-09,-13.6,-19.3,-7.7,0.0,10.0,,10.8,,1030.4,,MSP
2025-02-10,-12.7,-18.2,-8.8,0.0,8.0,,12.2,,1034.9,,MSP
2025-02-11,-16.7,-22.7,-14.3,0.0,8.0,,10.1,,1032.3,,MSP
2025-02-12,-16.8,-18.8,-13.8,0.5,8.0,,8.6,,1024.2,,MSP
2025-02-13,-17.2,-22.1,-12.1,0.0,8.0,,11.9,,1028.1,,MSP
2025-02-14,-13.1,-18.2,-5.5,2.8,8.0,,15.8,,1025.2,,MSP
2025-02-15,-6.6,-10.5,-5.5,0.0,13.0,,18.7,,1020.5,,MSP
2025-02-16,-12.6,-18.8,-10.5,0.0,13.0,,22.0,,1024.3,,MSP
2025-02-17,-20.6,-25.5,-18.8,0.0,10.0,,19.1,,1032.3,,MSP
2025-02-18,-21.6,-26.0,-15.5,0.0,10.0,,14.8,,1041.3,,MSP
2025-02-19,-19.2,-23.2,-13.2,0.0,10.0,,15.5,,1039.4,,MSP
2025-02-20,-13.7,-18.2,-6.6,0.0,10.0,,10.4,,1037.3,,MSP
2025-02-21,-10.4,-16.6,-3.2,0.0,10.0,,15.5,,1031.0,,MSP
2025-02-22,-6.6,-11.0,2.8,0.0,10.0,,9.4,,1019.5,,MSP
2025-02-23,1.7,-1.6,8.9,0.0,8.0,,10.4,,1010.3,,MSP
2025-02-24,8.1,3.3,11.1,0.0,0.0,,19.1,,1003.5,,MSP
2025-02-25,4.7,-1.0,10.6,0.0,0.0,,8.3,,1010.0,,MSP
2025-02-26,7.1,3.9,12.8,0.8,0.0,,15.5,,1010.3,,MSP
2025-02-27,5.6,1.1,10.0,0.0,0.0,,20.5,,1012.9,,MSP
2025-02-28,5.9,-6.0,8.3,0.0,0.0,,32.4,,1003.9,,MSP
2025-03-01,-6.0,-11.0,-2.7,0.0,0.0,,11.2,,1024.8,,MSP
2025-03-02,-4.2,-9.3,5.0,0.0,0.0,,11.5,,1021.5,,MSP
2025-03-03,2.9,-2.1,10.0,0.3,0.0,,12.6,,1008.6,,MSP
2025-03-04,6.4,-0.5,7.8,7.4,0.0,,21.2,,1001.1,,MSP
2025-03-05,-1.2,-6.6,0.6,13.2,18.0,,31.0,,1002.8,,MSP
2025-03-06,-3.2,-8.8,5.0,0.0,20.0,,9.4,,1012.6,,MSP
2025-03-07,0.8,-4.3,6.1,0.0,18.0,,8.6,,1012.8,,MSP
2025-03-08,2.9,-2.1,10.6,0.0,15.0,,13.0,,1014.0,,MSP
2025-03-09,6.5,1.1,15.6,0.0,8.0,,11.2,,1010.7,,MSP
2025-03-10,9.9,2.8,18.3,0.0,0.0,,12.2,,1002.6,,MSP
2025-03-11,5.2,-2.1,8.3,0.0,0.0,,14.8,,1011.2,,MSP
2025-03-12,5.5,0.0,14.4,0.0,0.0,,7.6,,1009.6,,MSP
2025-03-13,8.6,1.1,17.8,0.0,0.0,,15.5,,1008.2,,MSP
2025-03-14,14.6,8.9,23.9,4.8,0.0,,21.2,,991.0,,MSP
2025-03-15,7.9,-4.9,12.2,1.3,0.0,,25.9,,988.5,,MSP
2025-03-16,-2.9,-7.7,3.9,0.0,0.0,,18.0,,1012.0,,MSP
2025-03-17,5.7,-0.5,17.2,0.0,0.0,,19.8,,1007.6,,MSP
2025-03-18,6.9,1.1,10.6,0.0,0.0,,20.2,,1008.8,,MSP
2025-03-19,2.5,0.0,3.9,0.0,0.0,,28.8,,1011.3,,MSP
2025-03-20,1.5,-4.3,8.3,0.0,0.0,,16.9,,1015.1,,MSP
2025-03-21,5.2,-3.2,12.8,0.0,0.0,,19.1,,1004.0,,MSP
2025-03-22,-1.4,-7.7,6.1,0.8,0.0,,16.2,,1015.0,,MSP
2025-03-23,4.6,-2.1,7.2,0.0,0.0,,30.2,,1003.6,,MSP
2025-03-24,0.6,-4.3,8.9,0.0,0.0,,16.9,,1011.7,,MSP
2025-03-25,4.4,-2.1,12.8,0.0,0.0,,13.3,,1018.6,,MSP
2025-03-26,6.1,-0.5,13.3,0.0,0.0,,11.5,,1022.0,,MSP
2025-03-27,9.4,5.0,16.7,0.0,0.0,,13.0,,1018.2,,MSP
2025-03-28,12.7,3.9,23.3,0.5,0.0,,21.6,,1004.2,,MSP
2025-03-29,4.1,1.1,4.4,38.9,0.0,,23.4,,1011.2,,MSP
2025-03-30,1.0,-0.5,1.7,8.1,0.0,,23.0,,1009.4,,MSP
2025-03-31,1.3,-3.2,7.8,0.0,5.0,,10.1,,1018.0,,MSP
2025-01-01,13.7,10.0,16.1,0.0,,,12.2,,1024.2,,MSY
2025-01-02,12.8,9.4,17.2,0.0,,,11.2,,1026.7,,MSY
2025-01-03,15.4,11.7,19.4,0.0,,,8.3,,1027.1,,MSY
2025-01-04,14.4,11.7,17.2,0.3,,,19.4,,1025.7,,MSY
2025-01-05,19.1,13.3,25.0,18.0,,,21.2,,1015.6,,MSY
2025-01-06,10.2,1.7,13.3,0.8,,,26.6,,1020.7,,MSY
2025-01-07,3.2,1.1,7.8,0.0,,,14.8,,1028.4,,MSY
2025-01-08,4.2,0.6,8.3,0.0,,,15.1,,1030.0,,MSY
2025-01-09,5.6,3.3,10.6,0.0,,,19.1,,1023.8,,MSY
2025-01-10,9.8,5.0,15.6,25.7,,,18.7,,1012.3,,MSY
2025-01-11,5.4,1.7,8.9,0.0,,,9.4,,1019.3,,MSY
2025-01-12,6.4,1.1,13.3,41.7,,,13.0,,1017.5,,MSY
2025-01-13,12.0,8.9,16.1,9.9,,,17.6,,1022.0,,MSY
2025-01-14,9.4,6.1,11.1,0.0,,,11.2,,1029.4,,MSY
2025-01-15,11.6,9.4,16.1,3.0,,,14.0,,1029.0,,MSY
2025-01-16,12.0,6.1,17.8,2.3,,,6.8,,1026.3,,MSY
2025-01-17,11.1,3.9,18.9,0.0,,,10.8,,1018.5,,MSY
2025-01-18,18.1,13.9,21.7,11.2,,,13.3,,1010.6,,MSY
2025-01-19,11.0,1.7,13.9,0.0,,,24.1,,1022.7,,MSY
2025-01-20,2.0,-1.0,5.0,0.0,,,19.4,,1032.2,,MSY
2025-01-21,0.5,-3.2,3.3,6.1,18.0,,23.8,,1033.8,,MSY
2025-01-22,-1.9,-5.5,1.1,0.0,15.0,,6.8,,1032.5,,MSY
2025-01-23,0.4,-6.0,8.9,0.0,5.0,,4.0,,1030.1,,MSY
2025-01-24,4.9,0.0,11.7,0.0,,,9.0,,1031.0,,MSY
2025-01-25,5.8,-2.1,13.9,0.0,,,10.1,,1030.2,,MSY
2025-01-26,13.9,10.6,20.6,0.0,,,16.6,,1026.2,,MSY
2025-01-27,16.1,11.7,20.0,0.0,,,10.4,,1021.6,,MSY
2025-01-28,12.1,10.0,15.6,0.0,,,6.5,,1021.6,,MSY
2025-01-29,14.1,9.4,21.7,0.0,,,9.0,,1020.2,,MSY
2025-01-30,20.6,17.8,25.0,0.0,,,24.5,,1016.0,,MSY
2025-01-31,20.2,13.9,25.0,0.0,,,15.1,,1016.2,,MSY
2025-02-01,15.2,10.0,20.6,0.0,,,7.6,,1022.5,,MSY
2025-02-02,14.4,7.8,22.2,0.0,,,5.8,,1022.5,,MSY
2025-02-03,17.2,10.6,25.0,0.0,,,11.5,,1021.0,,MSY
2025-02-04,20.3,18.3,24.4,0.0,,,6.8,,1022.0,,MSY
2025-02-05,20.7,16.7,25.6,0.0,,,9.4,,1020.3,,MSY
2025-02-06,22.1,19.4,27.8,0.8,,,11.2,,1018.8,,MSY
2025-02-07,20.6,15.0,26.1,0.0,,,5.4,,1020.3,,MSY
2025-02-08,22.9,18.9,29.4,0.0,,,13.0,,1018.7,,MSY
2025-02-09,21.8,20.0,25.0,2.8,,,6.1,,1020.4,,MSY
2025-02-10,20.1,17.8,21.1,0.0,,,10.4,,1021.7,,MSY
2025-02-11,22.0,17.8,28.3,10.4,,,10.8,,1014.4,,MSY
2025-02-12,22.3,18.9,28.3,0.8,,,20.5,,1008.5,,MSY
2025-02-13,16.4,11.1,18.9,0.0,,,21.6,,1022.7,,MSY
2025-02-14,12.3,8.9,19.4,0.0,,,19.8,,1027.2,,MSY
2025-02-15,21.8,20.0,27.2,0.0,,,25.6,,1015.2,,MSY
2025-02-16,18.7,8.3,23.9,9.0,,,23.0,,1017.3,,MSY
2025-02-17,8.6,5.0,13.3,0.0,,,13.7,,1024.6,,MSY
2025-02-18,11.5,6.7,16.1,16.8,,,15.5,,1019.9,,MSY
2025-02-19,11.5,1.1,14.4,59.7,,,23.0,,1020.1,,MSY
2025-02-20,2.2,-1.6,7.2,0.0,,,24.1,,1029.5,,MSY
2025-02-21,3.9,0.6,8.9,0.0,,,12.6,,1032.9,,MSY
2025-02-22,9.7,8.3,15.0,0.0,,,10.4,,1029.1,,MSY
2025-02-23,11.4,9.4,13.9,43.4,,,15.1,,1020.7,,MSY
2025-02-24,12.7,9.4,18.9,3.8,,,13.0,,1016.2,,MSY
2025-02-25,15.6,10.0,22.8,0.0,,,6.1,,1016.4,,MSY
2025-02-26,16.4,8.9,23.3,0.0,,,8.6,,1016.6,,MSY
2025-02-27,18.3,12.8,25.0,0.0,,,7.9,,1018.9,,MSY
2025-02-28,17.7,11.1,23.3,0.0,,,7.6,,1019.1,,MSY
2025-03-01,18.7,12.2,26.7,0.0,,,9.7,,1016.3,,MSY
2025-03-02,16.8,10.6,19.4,0.0,,,13.3,,1021.0,,MSY
2025-03-03,15.5,8.9,22.8,0.0,,,15.1,,1018.9,,MSY
2025-03-04,19.2,13.9,24.4,13.7,,,25.9,,1008.1,,MSY
2025-03-05,16.7,12.2,19.4,0.0,,,25.9,,1011.4,,MSY
2025-03-06,13.9,10.0,18.9,0.0,,,10.8,,1019.1,,MSY
2025-03-07,15.5,8.3,23.3,0.8,,,13.3,,1015.3,,MSY
2025-03-08,20.8,17.8,25.0,6.9,,,13.3,,1012.3,,MSY
2025-03-09,19.4,11.7,21.7,0.0,,,14.4,,1011.9,,MSY
2025-03-10,14.8,10.0,22.2,0.0,,,18.4,,1016.0,,MSY
2025-03-11,15.9,8.3,24.4,0.0,,,8.3,,1016.9,,MSY
2025-03-12,17.9,10.6,25.6,0.0,,,12.2,,1015.3,,MSY
2025-03-13,21.9,17.2,28.3,0.0,,,13.0,,1012.5,,MSY
2025-03-14,22.4,18.9,27.2,0.0,,,22.3,,1009.3,,MSY
2025-03-15,24.6,17.8,27.2,23.4,,,27.7,,1001.7,,MSY
2025-03-16,18.7,14.4,22.2,0.0,,,21.2,,1013.9,,MSY
2025-03-17,15.8,6.1,22.2,0.0,,,7.9,,1025.8,,MSY
2025-03-18,16.4,8.3,22.8,0.0,,,11.9,,1021.7,,MSY
2025-03-19,21.4,16.7,27.8,0.0,,,20.9,,1014.9,,MSY
2025-03-20,17.3,11.7,20.6,0.0,,,24.1,,1020.3,,MSY
2025-03-21,14.1,5.0,18.9,0.0,,,9.4,,1022.9,,MSY
2025-03-22,17.1,11.1,25.0,0.0,,,8.3,,1020.5,,MSY
2025-03-23,20.2,15.6,25.0,0.0,,,18.4,,1017.7,,MSY
2025-03-24,20.7,16.7,23.9,16.5,,,10.8,,1016.6,,MSY
2025-03-25,20.6,13.9,28.3,0.0,,,5.7,,1019.9,,MSY
2025-03-26,21.9,16.7,28.3,0.0,,,6.8,,1022.2,,MSY
2025-03-27,23.2,19.4,26.7,0.0,,,13.7,,1021.9,,MSY
2025-03-28,22.9,20.6,26.7,0.3,,,24.8,,1019.0,,MSY
2025-03-29,22.6,18.9,27.8,11.4,,,20.2,,1014.9,,MSY
2025-03-30,23.9,20.6,30.0,0.0,,,15.8,,1012.1,,MSY
2025-03-31,23.5,19.4,26.7,35.1,,,11.5,,1011.4,,MSY
2025-01-01,-0.4,-4.3,1.1,0.0,0.0,,21.2,,1019.1,,ORD
2025-01-02,-2.8,-4.3,0.0,0.3,0.0,,14.8,,1023.6,,ORD
2025-01-03,-4.2,-7.7,-3.8,0.0,0.0,,19.1,,1024.6,,ORD
2025-01-04,-7.6,-11.0,-3.8,0.0,0.0,,15.1,,1027.3,,ORD
2025-01-05,-7.7,-9.3,-5.5,0.0,0.0,,14.8,,1023.2,,ORD
2025-01-06,-4.5,-6.0,-1.0,0.3,0.0,,24.1,,1022.0,,ORD
2025-01-07,-5.8,-9.3,-3.2,0.0,0.0,,10.8,,1030.5,,ORD
2025-01-08,-6.7,-9.9,-3.2,0.0,0.0,,9.4,,1027.0,,ORD
2025-01-09,-6.6,-9.9,-1.6,0.0,0.0,,13.3,,1023.4,,ORD
2025-01-10,-3.9,-6.0,-1.0,3.3,0.0,,12.6,,1012.2,,ORD
2025-01-11,-2.0,-3.2,0.0,0.0,5.0,,14.4,,1009.5,,ORD
2025-01-12,-1.2,-7.1,1.7,0.8,2.0,,22.3,,1009.3,,ORD
2025-01-13,-8.2,-12.7,-7.1,0.0,2.0,,20.5,,1020.4,,ORD
2025-01-14,-9.9,-13.2,-8.8,0.3,2.0,,14.8,,1026.7,,ORD
2025-01-15,-11.7,-14.9,-7.1,0.0,2.0,,15.5,,1028.2,,ORD
2025-01-16,-3.6,-7.7,3.3,0.3,2.0,,16.9,,1013.2,,ORD
2025-01-17,1.6,-3.2,8.3,0.0,0.0,,21.2,,1006.5,,ORD
2025-01-18,1.1,-9.9,4.4,0.0,0.0,,21.6,,1012.7,,ORD
2025-01-19,-11.3,-17.1,-9.9,0.0,0.0,,20.5,,1024.9,,ORD
2025-01-20,-15.8,-18.8,-11.6,0.0,0.0,,19.1,,1032.4,,ORD
2025-01-21,-18.4,-22.1,-16.6,0.0,0.0,,20.2,,1034.6,,ORD
2025-01-22,-13.2,-17.7,-3.8,0.5,0.0,,20.9,,1022.1,,ORD
2025-01-23,-6.4,-13.8,-4.3,0.3,2.0,,16.2,,1022.6,,ORD
2025-01-24,-11.8,-16.6,-4.9,0.0,0.0,,14.0,,1024.2,,ORD
2025-01-25,-2.6,-6.0,5.0,0.0,0.0,,23.0,,1019.6,,ORD
2025-01-26,-3.4,-8.2,-0.5,0.0,0.0,,13.0,,1026.2,,ORD
2025-01-27,-2.7,-7.7,6.7,0.0,0.0,,24.1,,1013.0,,ORD
2025-01-28,3.2,-2.1,8.9,0.0,0.0,,22.0,,1005.2,,ORD
2025-01-29,5.8,0.6,8.3,0.0,0.0,,17.6,,1011.2,,ORD
2025-01-30,3.3,-3.2,10.0,13.0,0.0,,11.9,,1013.2,,ORD
2025-01-31,4.0,0.6,4.4,31.5,0.0,,26.3,,1009.6,,ORD
2025-02-01,-0.1,-1.6,0.6,0.0,0.0,,22.3,,1025.2,,ORD
2025-02-02,2.0,-0.5,6.1,0.0,0.0,,12.2,,1015.3,,ORD
2025-02-03,4.2,0.6,5.6,0.0,0.0,,17.6,,1013.2,,ORD
2025-02-04,-1.8,-5.5,0.6,0.0,0.0,,22.3,,1029.5,,ORD
2025-02-05,-3.1,-4.3,-0.5,1.3,0.0,,19.1,,1023.5,,ORD
2025-02-06,-0.3,-2.7,2.8,0.0,0.0,,20.9,,1012.5,,ORD
2025-02-07,-3.1,-7.1,0.0,0.0,0.0,,10.4,,1025.2,,ORD
2025-02-08,-1.2,-2.7,0.6,0.3,0.0,,14.8,,1016.4,,ORD
2025-02-09,-2.2,-5.5,0.0,0.0,0.0,,12.6,,1027.1,,ORD
2025-02-10,-3.8,-8.2,2.8,0.0,0.0,,7.6,,1031.8,,ORD
2025-02-11,-3.9,-6.0,-2.1,0.0,0.0,,22.3,,1025.9,,ORD
2025-02-12,-4.2,-7.1,-1.6,4.6,0.0,,19.1,,1015.5,,ORD
2025-02-13,-6.5,-14.9,-3.2,0.0,8.0,,20.5,,1024.0,,ORD
2025-02-14,-11.1,-16.0,-3.2,3.8,5.0,,14.8,,1033.0,,ORD
2025-02-15,-1.8,-3.2,0.6,0.5,8.0,,14.0,,1013.0,,ORD
2025-02-16,-2.7,-12.7,-2.7,0.0,8.0,,24.5,,1012.5,,ORD
2025-02-17,-13.1,-17.7,-12.7,0.0,8.0,,18.7,,1027.1,,ORD
2025-02-18,-15.9,-20.5,-9.9,0.0,8.0,,14.4,,1035.0,,ORD
2025-02-19,-13.0,-15.5,-8.2,0.0,5.0,,14.4,,1033.4,,ORD
2025-02-20,-10.9,-15.5,-4.3,0.0,5.0,,15.5,,1032.0,,ORD
2025-02-21,-7.7,-11.6,-2.1,0.0,5.0,,12.2,,1034.7,,ORD
2025-02-22,-5.2,-9.3,1.1,0.0,5.0,,18.0,,1024.4,,ORD
2025-02-23,-0.1,-3.8,6.7,0.0,3.0,,11.5,,1016.9,,ORD
2025-02-24,6.3,3.3,11.7,0.0,0.0,,19.1,,1006.7,,ORD
2025-02-25,8.3,2.2,12.2,0.5,0.0,,8.6,,1009.2,,ORD
2025-02-26,5.7,2.2,10.6,2.0,0.0,,13.0,,1009.2,,ORD
2025-02-27,5.3,2.2,10.0,0.3,0.0,,16.9,,1011.0,,ORD
2025-02-28,6.7,1.1,13.9,0.0,0.0,,29.2,,1002.5,,ORD
2025-03-01,-0.2,-5.5,1.1,0.0,0.0,,18.0,,1018.5,,ORD
2025-03-02,-3.5,-7.7,2.8,0.0,0.0,,6.5,,1024.1,,ORD
2025-03-03,2.2,0.0,8.9,0.0,0.0,,16.9,,1016.5,,ORD
2025-03-04,7.6,6.1,8.9,16.3,0.0,,19.8,,1002.6,,ORD
2025-03-05,6.8,-1.0,10.6,9.4,0.0,,23.8,,987.8,,ORD
2025-03-06,0.3,-2.7,5.6,0.0,0.0,,19.4,,1010.5,,ORD
2025-03-07,2.1,0.6,4.4,3.6,0.0,,7.2,,1011.5,,ORD
2025-03-08,2.3,-3.2,10.0,0.0,0.0,,14.4,,1016.0,,ORD
2025-03-09,7.1,1.1,14.4,0.0,0.0,,15.5,,1014.1,,ORD
2025-03-10,11.5,4.4,20.0,0.0,0.0,,18.0,,1007.3,,ORD
2025-03-11,10.7,2.2,13.9,0.0,0.0,,25.9,,1007.6,,ORD
2025-03-12,5.3,1.7,10.6,0.0,0.0,,12.6,,1010.3,,ORD
2025-03-13,7.2,0.6,15.6,0.0,0.0,,11.2,,1011.6,,ORD
2025-03-14,14.6,9.4,26.1,3.8,0.0,,27.4,,1000.9,,ORD
2025-03-15,17.1,5.0,18.9,7.9,0.0,,24.5,,991.4,,ORD
2025-03-16,3.0,-1.0,5.0,5.3,0.0,,14.4,,1004.6,,ORD
2025-03-17,2.6,-3.2,11.7,0.0,0.0,,20.5,,1017.6,,ORD
2025-03-18,11.9,5.6,22.2,0.0,0.0,,18.4,,1006.8,,ORD
2025-03-19,6.8,1.7,8.3,13.7,0.0,,23.4,,1001.3,,ORD
2025-03-20,2.8,-0.5,6.7,5.6,5.0,,20.2,,1010.2,,ORD
2025-03-21,5.5,-0.5,15.6,0.0,0.0,,24.1,,1008.5,,ORD
2025-03-22,7.0,1.1,8.3,0.0,0.0,,15.1,,1013.6,,ORD
2025-03-23,4.5,1.7,11.1,5.6,0.0,,24.5,,1009.2,,ORD
2025-03-24,4.3,0.6,10.0,0.0,0.0,,24.8,,1008.4,,ORD
2025-03-25,5.2,0.6,10.6,0.0,0.0,,12.2,,1016.8,,ORD
2025-03-26,4.3,0.0,12.2,0.0,0.0,,6.1,,1022.9,,ORD
2025-03-27,8.2,5.6,12.2,0.0,0.0,,12.2,,1021.2,,ORD
2025-03-28,15.1,8.9,25.6,0.5,0.0,,23.4,,1010.5,,ORD
2025-03-29,19.1,6.1,21.7,1.5,0.0,,18.4,,1009.1,,ORD
2025-03-30,12.3,5.0,23.9,2.5,0.0,,20.5,,1002.6,,ORD
2025-03-31,5.2,1.1,8.3,0.3,0.0,,18.4,,1012.7,,ORD
2025-01-01,5.6,4.4,6.7,0.3,0.0,,11.9,,1017.1,,PDX
2025-01-02,5.8,5.0,6.7,12.2,,,14.0,,1017.8,,PDX
2025-01-03,6.3,6.1,8.3,15.7,,,16.2,,1009.1,,PDX
2025-01-04,6.6,6.1,10.6,15.2,,,17.3,,1017.1,,PDX
2025-01-05,9.8,8.9,12.8,2.0,,,7.9,,1023.3,,PDX
2025-01-06,9.6,5.6,13.3,0.0,,,7.9,,1029.6,,PDX
2025-01-07,6.8,2.2,9.4,0.0,0.0,,11.9,,1032.4,,PDX
2025-01-08,7.3,2.8,12.2,0.0,0.0,,3.6,,1031.5,,PDX
2025-01-09,6.0,1.7,10.0,0.0,0.0,,12.6,,1030.0,,PDX
2025-01-10,6.1,4.4,10.0,6.9,0.0,,7.9,,1027.6,,PDX
2025-01-11,7.8,6.1,9.4,1.8,0.0,,5.0,,1034.9,,PDX
2025-01-12,7.2,4.4,8.3,1.0,0.0,,3.6,,1032.5,,PDX
2025-01-13,4.1,1.7,5.0,0.0,0.0,,4.0,,1035.1,,PDX
2025-01-14,3.3,2.2,5.0,0.0,0.0,,2.9,,1034.2,,PDX
2025-01-15,3.3,1.7,8.9,0.0,0.0,,5.8,,1028.5,,PDX
2025-01-16,3.3,0.6,4.4,0.0,0.0,,6.1,,1025.2,,PDX
2025-01-17,3.5,2.2,5.0,0.0,0.0,,3.6,,1029.8,,PDX
2025-01-18,3.9,-1.0,10.6,0.0,0.0,,6.5,,1031.4,,PDX
2025-01-19,1.4,-3.2,7.8,0.0,0.0,,8.3,,1031.6,,PDX
2025-01-20,5.1,2.2,8.3,0.0,0.0,,17.3,,1032.9,,PDX
2025-01-21,2.6,-2.1,8.3,0.0,0.0,,2.9,,1035.0,,PDX
2025-01-22,1.7,-3.8,9.4,0.0,0.0,,3.2,,1038.0,,PDX
2025-01-23,2.3,-2.7,8.9,0.0,0.0,,3.8,,1032.9,,PDX
2025-01-24,4.8,-1.0,11.1,0.0,0.0,,6.5,,1028.4,,PDX
2025-01-25,3.6,-2.1,10.0,0.0,0.0,,16.2,,1027.7,,PDX
2025-01-26,4.0,-2.7,10.6,0.0,0.0,,5.4,,1029.1,,PDX
2025-01-27,3.1,-3.8,10.6,0.0,0.0,,2.5,,1027.3,,PDX
2025-01-28,2.7,-3.8,11.1,0.0,0.0,,5.0,,1023.0,,PDX
2025-01-29,3.3,-2.7,11.1,0.0,0.0,,2.2,,1021.3,,PDX
2025-01-30,1.8,-3.2,5.6,0.0,0.0,,6.1,,1020.3,,PDX
2025-01-31,6.1,5.0,12.2,19.3,0.0,,15.1,,1009.8,,PDX
2025-02-01,7.2,3.3,8.3,0.8,0.0,,6.8,,1015.5,,PDX
2025-02-02,5.2,2.8,7.2,0.0,0.0,,10.1,,1012.2,,PDX
2025-02-03,4.0,2.2,5.6,0.5,0.0,,9.4,,1010.1,,PDX
2025-02-04,3.1,-0.5,6.7,0.0,0.0,,6.8,,1007.6,,PDX
2025-02-05,3.7,2.2,7.2,3.3,0.0,,14.0,,1012.4,,PDX
2025-02-06,3.6,1.1,7.2,0.0,0.0,,10.1,,1014.2,,PDX
2025-02-07,3.2,0.0,6.7,0.3,0.0,,9.4,,1020.1,,PDX
2025-02-08,4.5,1.1,7.2,2.8,0.0,,8.3,,1028.0,,PDX
2025-02-09,4.3,2.8,7.2,0.3,0.0,,2.9,,1032.3,,PDX
2025-02-10,2.9,-1.0,7.2,0.0,0.0,,11.9,,1029.9,,PDX
2025-02-11,1.1,-1.6,5.0,0.0,0.0,,15.5,,1024.5,,PDX
2025-02-12,0.6,-4.3,5.0,0.0,0.0,,26.6,,1013.6,,PDX
2025-02-13,0.1,-2.7,1.7,3.6,0.0,,34.6,,996.7,,PDX
2025-02-14,0.2,-1.6,3.3,5.3,5.0,,7.9,,1016.4,,PDX
2025-02-15,2.8,1.7,6.1,3.8,5.0,,9.7,,1024.8,,PDX
2025-02-16,4.9,3.9,6.7,10.9,0.0,,18.4,,1013.9,,PDX
2025-02-17,7.7,5.0,12.8,2.5,0.0,,9.7,,1015.0,,PDX
2025-02-18,9.3,6.1,10.6,0.3,0.0,,14.4,,1020.3,,PDX
2025-02-19,6.9,4.4,8.9,7.4,0.0,,18.4,,1017.3,,PDX
2025-02-20,7.3,4.4,11.7,0.0,0.0,,7.2,,1028.7,,PDX
2025-02-21,7.9,3.9,13.3,1.5,0.0,,9.7,,1021.9,,PDX
2025-02-22,9.5,7.8,13.3,19.0,0.0,,16.6,,1016.9,,PDX
2025-02-23,13.3,8.3,16.1,24.4,0.0,,13.3,,1013.3,,PDX
2025-02-24,10.2,5.0,14.4,21.8,0.0,,15.1,,1010.8,,PDX
2025-02-25,10.4,4.4,13.3,1.8,0.0,,16.6,,1021.1,,PDX
2025-02-26,6.7,1.7,16.1,0.0,0.0,,7.2,,1021.1,,PDX
2025-02-27,10.9,5.0,21.1,0.0,0.0,,6.8,,1021.7,,PDX
2025-02-28,9.9,3.3,20.0,0.0,0.0,,3.2,,1018.1,,PDX
2025-03-01,10.9,3.3,18.9,0.0,0.0,,6.5,,1012.0,,PDX
2025-03-02,11.7,8.9,12.2,0.0,0.0,,5.8,,1014.0,,PDX
2025-03-03,10.2,7.8,12.2,0.3,0.0,,4.3,,1019.7,,PDX
2025-03-04,9.4,6.7,14.4,3.3,0.0,,11.9,,1020.0,,PDX
2025-03-05,8.9,4.4,15.0,0.0,0.0,,10.8,,1016.5,,PDX
2025-03-06,8.1,2.2,15.0,0.0,0.0,,9.0,,1015.8,,PDX
2025-03-07,8.1,3.3,14.4,0.0,0.0,,6.1,,1022.9,,PDX
2025-03-08,10.1,5.6,16.1,0.0,0.0,,11.2,,1022.5,,PDX
2025-03-09,10.6,5.6,17.2,5.3,0.0,,15.5,,1017.5,,PDX
2025-03-10,8.9,5.6,11.7,4.8,0.0,,3.6,,1016.4,,PDX
2025-03-11,8.4,6.1,11.7,0.3,0.0,,6.8,,1006.7,,PDX
2025-03-12,9.7,6.7,11.7,23.1,0.0,,13.3,,999.1,,PDX
2025-03-13,7.4,3.3,9.4,13.0,0.0,,10.8,,1003.7,,PDX
2025-03-14,5.4,3.3,9.4,4.6,0.0,,21.2,,1000.1,,PDX
2025-03-15,7.8,6.1,10.0,11.4,0.0,,18.4,,1004.9,,PDX
2025-03-16,7.1,5.6,10.6,1.3,0.0,,5.4,,1005.3,,PDX
2025-03-17,7.8,4.4,12.8,1.8,0.0,,5.8,,1015.9,,PDX
2025-03-18,7.9,5.6,12.2,0.3,0.0,,7.6,,1027.1,,PDX
2025-03-19,9.2,7.2,12.2,1.0,0.0,,22.0,,1019.7,,PDX
2025-03-20,8.7,7.2,10.6,3.0,0.0,,20.9,,1018.7,,PDX
2025-03-21,9.4,7.2,10.0,18.0,0.0,,14.8,,1014.9,,PDX
2025-03-22,8.9,6.1,13.9,0.3,0.0,,6.1,,1019.4,,PDX
2025-03-23,11.9,8.9,16.1,1.0,0.0,,14.0,,1020.6,,PDX
2025-03-24,15.9,12.2,21.1,0.0,0.0,,7.9,,1022.2,,PDX
2025-03-25,15.4,10.6,26.7,0.0,0.0,,3.6,,1016.1,,PDX
2025-03-26,18.6,12.2,27.8,4.8,0.0,,7.2,,1005.3,,PDX
2025-03-27,14.1,10.0,15.0,4.3,0.0,,16.2,,1003.8,,PDX
2025-03-28,11.6,7.8,13.9,4.6,0.0,,20.2,,1009.3,,PDX
2025-03-29,10.0,7.2,15.6,1.5,0.0,,6.5,,1017.5,,PDX
2025-03-30,10.8,5.0,17.2,4.3,0.0,,15.5,,1004.3,,PDX
2025-03-31,9.9,5.6,12.2,6.6,0.0,,13.7,,1006.3,,PDX
2025-01-01,8.4,3.9,10.0,0.0,0.0,,26.3,,1004.5,,PHL
2025-01-02,3.8,1.7,6.1,0.0,0.0,,29.5,,1016.7,,PHL
2025-01-03,0.9,-1.0,2.2,0.3,0.0,,20.2,,1014.4,,PHL
2025-01-04,-0.8,-2.7,0.0,0.0,0.0,,27.4,,1015.0,,PHL
2025-01-05,-2.6,-5.5,0.0,0.0,0.0,,22.7,,1019.8,,PHL
2025-01-06,-2.1,-4.3,-1.0,2.8,0.0,,13.7,,1011.1,,PHL
2025-01-07,-2.9,-7.1,1.1,0.0,2.0,,29.5,,1013.9,,PHL
2025-01-08,-2.0,-5.5,-0.5,0.0,2.0,,26.3,,1016.2,,PHL
2025-01-09,-3.6,-6.6,1.1,0.0,0.0,,28.8,,1013.0,,PHL
2025-01-10,-1.2,-3.8,2.8,0.0,0.0,,19.1,,1015.0,,PHL
2025-01-11,-0.8,-2.7,1.1,0.5,0.0,,16.2,,1004.2,,PHL
2025-01-12,1.6,-2.7,6.1,0.0,0.0,,11.2,,1016.4,,PHL
2025-01-13,2.0,-1.6,7.2,0.0,0.0,,15.5,,1015.9,,PHL
2025-01-14,-0.6,-4.3,1.7,0.0,0.0,,25.6,,1018.9,,PHL
2025-01-15,-2.8,-5.5,1.1,0.0,0.0,,22.7,,1023.1,,PHL
2025-01-16,-3.7,-7.1,-1.6,0.5,0.0,,12.6,,1016.2,,PHL
2025-01-17,0.1,-4.3,6.7,0.0,0.0,,11.9,,1018.3,,PHL
2025-01-18,1.6,-2.7,5.6,0.8,0.0,,4.0,,1013.3,,PHL
2025-01-19,1.2,-4.9,3.9,5.1,0.0,,15.5,,1008.7,,PHL
2025-01-20,-5.1,-10.5,-3.2,0.0,5.0,,20.2,,1025.1,,PHL
2025-01-21,-9.4,-12.1,-7.1,0.0,2.0,,13.7,,1034.6,,PHL
2025-01-22,-9.4,-11.6,-6.6,0.0,2.0,,10.1,,1033.3,,PHL
2025-01-23,-7.7,-11.6,-2.7,0.0,2.0,,7.2,,1025.9,,PHL
2025-01-24,-3.9,-8.2,1.1,0.0,2.0,,12.6,,1023.5,,PHL
2025-01-25,-3.3,-8.2,2.2,0.0,2.0,,14.0,,1027.3,,PHL
2025-01-26,1.5,-3.2,5.6,0.0,2.0,,13.3,,1022.0,,PHL
2025-01-27,0.9,-4.9,7.8,0.0,0.0,,14.8,,1015.3,,PHL
2025-01-28,3.3,-1.0,7.2,0.0,0.0,,17.6,,1005.0,,PHL
2025-01-29,4.1,-1.6,11.7,0.0,0.0,,24.5,,1003.2,,PHL
2025-01-30,2.8,-1.6,5.6,0.0,0.0,,10.1,,1022.2,,PHL
2025-01-31,4.9,2.2,10.6,13.7,0.0,,10.8,,1012.2,,PHL
2025-02-01,6.0,-4.9,10.0,0.5,0.0,,24.8,,1018.5,,PHL
2025-02-02,-2.8,-7.1,3.3,0.3,0.0,,10.8,,1030.9,,PHL
2025-02-03,3.0,-2.1,11.1,0.0,0.0,,7.6,,1018.4,,PHL
2025-02-04,6.8,0.0,10.0,0.0,0.0,,19.8,,1015.8,,PHL
2025-02-05,1.3,-0.5,2.8,0.0,0.0,,11.5,,1028.5,,PHL
2025-02-06,1.2,-0.5,3.9,7.1,0.0,,11.2,,1016.4,,PHL
2025-02-07,4.5,-2.1,7.8,0.0,0.0,,19.4,,1016.3,,PHL
2025-02-08,-0.2,-3.2,1.7,6.1,0.0,,7.2,,1023.4,,PHL
2025-02-09,0.9,-0.5,3.9,0.0,0.0,,14.0,,1017.9,,PHL
2025-02-10,2.2,-1.6,5.0,0.0,0.0,,14.4,,1028.6,,PHL
2025-02-11,0.2,-2.7,2.8,7.1,0.0,,7.6,,1028.6,,PHL
2025-02-12,0.0,-1.0,2.2,4.6,8.0,,16.2,,1022.8,,PHL
2025-02-13,3.6,1.7,9.4,1.8,3.0,,20.5,,1014.6,,PHL
2025-02-14,1.8,-1.6,3.3,0.0,0.0,,19.4,,1033.4,,PHL
2025-02-15,0.6,-2.1,4.4,10.2,0.0,,10.1,,1026.8,,PHL
2025-02-16,4.2,1.7,15.0,13.7,0.0,,21.6,,997.8,,PHL
2025-02-17,2.2,-2.1,3.3,0.0,0.0,,37.4,,1011.9,,PHL
2025-02-18,-3.4,-6.6,-2.1,0.0,0.0,,27.0,,1023.8,,PHL
2025-02-19,-5.4,-8.8,-1.0,0.0,0.0,,15.8,,1027.0,,PHL
2025-02-20,-4.8,-7.1,-2.1,0.3,0.0,,19.4,,1017.6,,PHL
2025-02-21,-2.0,-4.9,3.3,0.0,0.0,,25.6,,1024.6,,PHL
2025-02-22,-1.1,-6.0,5.0,0.0,0.0,,14.8,,1027.6,,PHL
2025-02-23,2.8,-3.2,9.4,0.0,0.0,,12.6,,1020.4,,PHL
2025-02-24,5.8,-2.1,12.8,0.0,0.0,,10.8,,1017.4,,PHL
2025-02-25,8.3,2.8,15.0,0.0,0.0,,9.7,,1009.5,,PHL
2025-02-26,9.2,1.7,16.1,0.0,0.0,,10.8,,1013.1,,PHL
2025-02-27,9.3,5.6,12.2,0.5,0.0,,10.8,,1006.9,,PHL
2025-02-28,8.4,2.8,11.1,0.0,0.0,,17.3,,1007.1,,PHL
2025-03-01,8.7,-1.6,18.9,0.0,0.0,,26.3,,1003.0,,PHL
2025-03-02,-1.3,-6.6,2.8,0.0,0.0,,21.2,,1019.9,,PHL
2025-03-03,-0.4,-4.3,5.0,0.0,0.0,,9.4,,1025.0,,PHL
2025-03-04,5.3,-1.6,17.2,0.0,0.0,,15.5,,1021.5,,PHL
2025-03-05,12.3,9.4,16.7,39.1,0.0,,24.8,,1004.3,,PHL
2025-03-06,10.1,2.8,13.9,0.0,0.0,,30.6,,995.6,,PHL
2025-03-07,5.3,1.7,11.7,0.0,0.0,,30.6,,1006.9,,PHL
2025-03-08,7.6,3.3,10.6,0.0,0.0,,22.3,,1007.1,,PHL
2025-03-09,6.1,-1.0,13.3,0.0,0.0,,20.5,,1014.1,,PHL
2025-03-10,10.5,3.3,20.0,0.0,0.0,,14.4,,1011.9,,PHL
2025-03-11,11.3,1.7,20.0,0.0,0.0,,9.4,,1008.4,,PHL
2025-03-12,11.4,4.4,17.8,0.0,0.0,,16.2,,1013.1,,PHL
2025-03-13,7.3,3.3,13.9,0.0,0.0,,16.9,,1017.2,,PHL
2025-03-14,8.9,5.6,16.7,0.0,0.0,,9.0,,1020.2,,PHL
2025-03-15,8.0,5.0,12.8,0.0,0.0,,8.3,,1019.1,,PHL
2025-03-16,15.0,10.0,21.1,13.5,0.0,,24.5,,1012.0,,PHL
2025-03-17,14.2,2.2,16.7,22.6,0.0,,24.1,,1011.1,,PHL
2025-03-18,7.5,0.6,17.8,0.0,0.0,,14.4,,1018.0,,PHL
2025-03-19,12.0,2.8,22.2,0.0,0.0,,7.6,,1016.9,,PHL
2025-03-20,12.8,7.2,22.2,14.7,0.0,,16.6,,1006.2,,PHL
2025-03-21,9.7,4.4,12.8,0.0,0.0,,29.2,,1007.1,,PHL
2025-03-22,10.5,3.9,18.3,0.0,0.0,,22.0,,1009.3,,PHL
2025-03-23,6.4,1.1,10.0,1.0,0.0,,13.7,,1019.9,,PHL
2025-03-24,8.3,4.4,12.2,13.0,0.0,,14.0,,1011.2,,PHL
2025-03-25,11.7,7.8,16.7,0.0,0.0,,18.4,,1012.2,,PHL
2025-03-26,9.2,3.9,11.1,0.0,0.0,,20.2,,1017.6,,PHL
2025-03-27,5.9,0.6,12.2,0.0,0.0,,17.3,,1024.6,,PHL
2025-03-28,11.1,5.6,17.8,0.0,0.0,,12.2,,1021.7,,PHL
2025-03-29,18.2,8.3,26.1,0.0,0.0,,19.8,,1016.3,,PHL
2025-03-30,12.9,7.2,20.0,0.0,0.0,,15.1,,1017.8,,PHL
2025-03-31,18.4,10.0,27.8,32.3,0.0,,18.0,,1006.1,,PHL
2025-01-01,14.4,7.2,22.2,0.0,0.0,,5.8,,1018.4,,PHX
2025-01-02,15.4,8.3,25.0,0.0,0.0,,6.1,,1019.0,,PHX
2025-01-03,17.3,10.0,27.2,0.0,0.0,,7.9,,1015.7,,PHX
2025-01-04,15.8,8.3,22.8,0.0,0.0,,9.4,,1013.9,,PHX
2025-01-05,13.9,7.2,21.7,0.0,0.0,,4.7,,1018.2,,PHX
2025-01-06,13.5,7.2,22.2,0.0,0.0,,5.8,,1016.4,,PHX
2025-01-07,14.0,8.3,20.6,0.0,0.0,,16.6,,1010.5,,PHX
2025-01-08,16.9,10.6,20.0,0.0,0.0,,24.8,,1015.3,,PHX
2025-01-09,11.5,6.1,18.3,0.0,0.0,,11.2,,1016.6,,PHX
2025-01-10,12.2,5.0,18.3,0.0,0.0,,5.8,,1023.8,,PHX
2025-01-11,10.9,4.4,17.8,0.0,0.0,,7.6,,1015.2,,PHX
2025-01-12,10.7,2.8,18.3,0.0,0.0,,5.0,,1014.3,,PHX
2025-01-13,10.1,2.8,16.7,0.0,0.0,,7.6,,1020.4,,PHX
2025-01-14,10.3,2.8,18.9,0.0,0.0,,6.1,,1023.5,,PHX
2025-01-15,12.8,4.4,22.2,0.0,0.0,,13.3,,1022.5,,PHX
2025-01-16,18.1,11.7,24.4,0.0,0.0,,14.4,,1017.4,,PHX
2025-01-17,15.7,9.4,20.0,0.0,0.0,,5.8,,1017.3,,PHX
2025-01-18,12.4,5.6,19.4,0.0,0.0,,7.2,,1020.0,,PHX
2025-01-19,12.4,5.6,19.4,0.0,0.0,,6.1,,1019.0,,PHX
2025-01-20,11.6,3.9,19.4,0.0,0.0,,14.4,,1018.5,,PHX
2025-01-21,11.1,5.0,16.1,0.0,0.0,,13.7,,1029.9,,PHX
2025-01-22,9.6,3.3,17.2,0.0,0.0,,4.3,,1024.3,,PHX
2025-01-23,11.1,2.8,18.3,0.0,0.0,,11.5,,1027.3,,PHX
2025-01-24,13.4,6.1,20.6,0.0,0.0,,14.0,,1019.3,,PHX
2025-01-25,13.3,8.3,21.1,0.0,0.0,,7.9,,1011.8,,PHX
2025-01-26,13.4,6.1,21.7,0.0,,,10.8,,1015.0,,PHX
2025-01-27,13.1,7.8,16.7,0.0,0.0,,12.6,,1015.9,,PHX
2025-01-28,11.5,6.7,16.7,0.0,0.0,,10.4,,1014.3,,PHX
2025-01-29,10.7,7.2,15.0,0.3,0.0,,5.8,,1016.5,,PHX
2025-01-30,10.4,5.6,17.2,0.0,0.0,,9.7,,1020.5,,PHX
2025-01-31,12.2,5.6,20.6,0.0,0.0,,5.8,,1022.3,,PHX
2025-02-01,14.5,8.3,23.3,0.0,0.0,,7.6,,1018.3,,PHX
2025-02-02,17.4,10.6,27.8,0.0,0.0,,7.2,,1017.0,,PHX
2025-02-03,19.7,11.7,30.0,0.0,0.0,,5.8,,1013.4,,PHX
2025-02-04,21.2,13.3,30.0,0.0,0.0,,9.7,,1011.1,,PHX
2025-02-05,20.3,12.2,27.2,0.0,0.0,,7.9,,1013.3,,PHX
2025-02-06,18.9,11.7,26.7,0.0,0.0,,6.8,,1013.5,,PHX
2025-02-07,18.9,11.7,26.1,0.0,0.0,,8.3,,1015.6,,PHX
2025-02-08,19.3,12.8,26.1,0.0,0.0,,7.9,,1014.2,,PHX
2025-02-09,19.1,12.8,25.0,0.0,0.0,,5.8,,1014.5,,PHX
2025-02-10,18.8,12.2,26.1,0.0,0.0,,7.2,,1012.4,,PHX
2025-02-11,17.4,11.1,21.7,0.0,0.0,,16.2,,1006.3,,PHX
2025-02-12,14.7,11.7,17.2,0.0,0.0,,7.6,,1010.0,,PHX
2025-02-13,14.6,9.4,22.2,0.0,0.0,,9.7,,1016.3,,PHX
2025-02-14,16.9,13.9,22.2,0.5,0.0,,13.7,,1013.6,,PHX
2025-02-15,16.1,9.4,22.2,0.0,0.0,,7.9,,1017.7,,PHX
2025-02-16,17.0,10.0,23.9,0.0,0.0,,7.9,,1016.2,,PHX
2025-02-17,17.7,11.1,25.0,0.0,0.0,,7.9,,1011.2,,PHX
2025-02-18,17.9,10.6,25.6,0.0,0.0,,9.4,,1011.9,,PHX
2025-02-19,18.3,11.1,26.1,0.0,0.0,,7.6,,1015.2,,PHX
2025-02-20,18.8,10.6,26.1,0.0,0.0,,8.3,,1012.1,,PHX
2025-02-21,18.8,10.6,25.6,0.0,0.0,,7.9,,1014.8,,PHX
2025-02-22,18.4,10.6,26.7,0.0,0.0,,5.8,,1019.4,,PHX
2025-02-23,19.1,11.1,27.8,0.0,0.0,,7.2,,1020.4,,PHX
2025-02-24,20.1,11.7,30.0,0.0,0.0,,7.9,,1015.8,,PHX
2025-02-25,22.2,13.9,32.2,0.0,0.0,,9.4,,1010.7,,PHX
2025-02-26,23.4,15.0,31.7,0.0,0.0,,10.4,,1009.9,,PHX
2025-02-27,23.6,13.9,28.9,0.0,,,13.0,,1013.7,,PHX
2025-02-28,21.2,12.8,27.8,0.0,,,10.1,,1012.6,,PHX
2025-03-01,20.9,14.4,29.4,0.0,0.0,,17.6,,1008.6,,PHX
2025-03-02,19.0,12.8,26.7,0.0,0.0,,13.7,,1012.9,,PHX
2025-03-03,17.6,11.1,19.4,0.0,0.0,,18.0,,1011.2,,PHX
2025-03-04,15.0,9.4,22.8,0.0,0.0,,7.6,,1017.3,,PHX
2025-03-05,17.2,10.6,24.4,0.0,0.0,,7.9,,1012.4,,PHX
2025-03-06,19.9,16.7,22.2,0.0,0.0,,20.2,,1006.7,,PHX
2025-03-07,13.8,8.3,16.7,9.9,0.0,,16.9,,1010.6,,PHX
2025-03-08,11.7,8.3,20.0,0.0,0.0,,7.2,,1020.2,,PHX
2025-03-09,16.5,10.0,25.6,0.0,0.0,,6.5,,1020.9,,PHX
2025-03-10,20.1,11.7,30.0,0.0,0.0,,7.2,,1011.9,,PHX
2025-03-11,21.3,13.3,27.2,3.0,0.0,,15.8,,1009.6,,PHX
2025-03-12,18.2,13.9,23.9,1.8,0.0,,10.8,,1014.1,,PHX
2025-03-13,18.7,10.6,23.9,4.1,0.0,,23.0,,1008.7,,PHX
2025-03-14,10.9,7.8,14.4,0.3,0.0,,11.2,,1013.2,,PHX
2025-03-15,11.7,8.3,20.0,2.3,0.0,,10.8,,1013.4,,PHX
2025-03-16,15.8,10.0,23.9,0.0,0.0,,8.3,,1019.2,,PHX
2025-03-17,20.1,13.3,27.8,0.0,0.0,,8.6,,1013.5,,PHX
2025-03-18,20.3,13.9,22.8,0.0,0.0,,23.4,,1016.2,,PHX
2025-03-19,17.3,11.7,22.8,0.0,0.0,,10.1,,1023.3,,PHX
2025-03-20,18.7,10.6,27.2,0.0,0.0,,9.4,,1016.4,,PHX
2025-03-21,20.8,12.8,28.9,0.0,0.0,,7.9,,1013.2,,PHX
2025-03-22,21.9,13.9,30.0,0.0,0.0,,10.4,,1011.2,,PHX
2025-03-23,23.5,16.1,31.7,0.0,0.0,,8.3,,1011.8,,PHX
2025-03-24,25.8,18.3,35.6,0.0,0.0,,6.5,,1013.2,,PHX
2025-03-25,28.1,18.9,37.2,0.0,0.0,,5.0,,1010.3,,PHX
2025-03-26,28.1,21.1,35.6,0.0,0.0,,8.6,,1008.4,,PHX
2025-03-27,26.9,18.3,33.9,0.0,0.0,,10.8,,1009.3,,PHX
2025-03-28,25.6,18.3,28.9,0.0,0.0,,13.7,,1007.7,,PHX
2025-03-29,22.7,17.2,27.8,0.0,0.0,,11.2,,1007.5,,PHX
2025-03-30,21.9,15.6,28.9,0.0,0.0,,11.5,,1011.1,,PHX
2025-03-31,22.7,17.2,27.8,0.0,0.0,,11.5,,1012.0,,PHX
2025-01-01,12.8,9.4,16.7,0.0,,,6.5,,1019.2,,SAN
2025-01-02,12.8,6.1,21.1,0.0,,,3.6,,1018.9,,SAN
2025-01-03,12.7,7.8,18.3,0.0,,,5.8,,1018.7,,SAN
2025-01-04,13.6,10.0,17.8,0.0,,,6.5,,1019.6,,SAN
2025-01-05,13.8,7.2,23.3,0.0,,,4.0,,1019.8,,SAN
2025-01-06,15.4,7.8,23.3,0.0,,,6.8,,1018.1,,SAN
2025-01-07,15.9,11.7,19.4,0.0,,,9.4,,1013.7,,SAN
2025-01-08,17.1,10.6,23.9,0.0,,,10.4,,1017.7,,SAN
2025-01-09,14.4,6.7,21.1,0.0,,,3.6,,1019.9,,SAN
2025-01-10,15.5,8.9,20.0,0.0,0.0,,7.2,,1024.7,,SAN
2025-01-11,12.9,6.1,19.4,0.0,0.0,,4.0,,1017.6,,SAN
2025-01-12,12.8,5.6,20.0,0.0,,,5.4,,1018.0,,SAN
2025-01-13,12.3,5.0,20.6,0.0,,,5.0,,1022.2,,SAN
2025-01-14,12.2,3.9,23.3,0.0,,,6.8,,1024.5,,SAN
2025-01-15,13.3,4.4,22.8,0.0,,,3.6,,1022.8,,SAN
2025-01-16,11.3,3.9,17.2,0.0,,,5.4,,1022.0,,SAN
2025-01-17,12.6,7.8,16.7,0.0,,,6.1,,1023.5,,SAN
2025-01-18,13.1,8.3,16.7,0.0,,,5.4,,1023.9,,SAN
2025-01-19,12.2,6.7,17.2,0.0,,,6.8,,1022.4,,SAN
2025-01-20,14.6,10.6,20.0,0.0,,,8.6,,1021.8,,SAN
2025-01-21,14.7,6.1,21.7,0.0,,,7.6,,1027.9,,SAN
2025-01-22,13.6,6.7,22.8,0.0,,,2.9,,1023.1,,SAN
2025-01-23,14.3,5.6,25.0,0.0,,,4.0,,1023.7,,SAN
2025-01-24,14.1,5.0,23.9,0.0,,,4.7,,1017.5,,SAN
2025-01-25,12.4,5.6,16.7,0.0,,,10.1,,1013.9,,SAN
2025-01-26,14.6,11.7,16.1,1.5,,,10.4,,1018.0,,SAN
2025-01-27,12.8,8.3,15.6,3.8,,,6.8,,1019.4,,SAN
2025-01-28,10.9,5.6,16.1,0.0,,,6.1,,1019.0,,SAN
2025-01-29,13.9,11.7,17.2,0.0,,,7.6,,1020.6,,SAN
2025-01-30,14.0,8.9,16.7,0.0,,,5.8,,1024.1,,SAN
2025-01-31,11.6,6.1,17.2,0.0,,,7.6,,1024.3,,SAN
2025-02-01,12.9,7.8,18.9,0.0,,,6.1,,1020.9,,SAN
2025-02-02,14.2,10.0,18.9,0.0,,,5.8,,1018.6,,SAN
2025-02-03,13.6,10.6,16.7,0.0,,,8.3,,1014.8,,SAN
2025-02-04,14.2,11.1,17.2,0.0,,,5.8,,1016.8,,SAN
2025-02-05,14.7,10.0,21.7,0.0,,,5.8,,1018.5,,SAN
2025-02-06,15.7,13.3,18.9,0.0,,,7.9,,1018.6,,SAN
2025-02-07,16.1,12.2,16.7,4.3,,,9.4,,1020.6,,SAN
2025-02-08,13.7,10.0,17.2,0.0,,,5.4,,1019.4,,SAN
2025-02-09,13.9,10.6,19.4,0.0,,,5.4,,1017.8,,SAN
2025-02-10,14.0,11.1,16.7,0.0,,,9.0,,1018.4,,SAN
2025-02-11,14.3,13.3,16.1,0.0,,,15.5,,1015.7,,SAN
2025-02-12,13.4,11.1,14.4,3.0,,,14.4,,1015.3,,SAN
2025-02-13,14.4,13.9,16.1,16.0,,,20.2,,1017.6,,SAN
2025-02-14,15.7,12.2,17.8,0.0,,,12.2,,1021.0,,SAN
2025-02-15,13.9,8.9,18.3,0.0,,,5.8,,1022.8,,SAN
2025-02-16,14.6,9.4,23.3,0.0,,,4.3,,1017.9,,SAN
2025-02-17,14.7,11.7,19.4,0.0,,,8.3,,1016.0,,SAN
2025-02-18,15.1,12.2,17.8,0.0,,,9.7,,1017.3,,SAN
2025-02-19,14.4,9.4,20.0,0.0,,,6.1,,1018.7,,SAN
2025-02-20,14.1,10.0,20.6,0.0,,,6.5,,1015.9,,SAN
2025-02-21,15.1,12.2,18.3,0.0,,,5.0,,1018.8,,SAN
2025-02-22,15.0,10.6,22.8,0.0,,,5.4,,1022.6,,SAN
2025-02-23,15.6,9.4,23.9,0.0,,,5.8,,1022.8,,SAN
2025-02-24,15.7,8.9,21.7,0.0,,,6.1,,1019.4,,SAN
2025-02-25,15.3,11.7,22.2,0.0,,,6.1,,1015.3,,SAN
2025-02-26,13.7,11.1,19.4,0.0,,,6.1,,1014.9,,SAN
2025-02-27,15.8,10.6,27.8,0.0,,,6.8,,1016.5,,SAN
2025-02-28,17.8,14.4,19.4,0.0,,,11.5,,1015.2,,SAN
2025-03-01,15.3,13.3,17.8,0.0,,,10.8,,1016.4,,SAN
2025-03-02,15.6,11.7,17.8,1.0,,,17.3,,1020.4,,SAN
2025-03-03,14.2,11.1,16.1,0.8,,,19.4,,1019.9,,SAN
2025-03-04,13.7,10.6,17.8,0.0,,,9.4,,1021.8,,SAN
2025-03-05,13.9,10.6,18.3,4.3,,,9.0,,1015.8,,SAN
2025-03-06,13.8,7.2,16.1,15.0,,,18.4,,1013.9,,SAN
2025-03-07,11.6,8.3,16.1,0.5,,,8.6,,1017.9,,SAN
2025-03-08,12.9,7.8,18.9,0.0,,,5.8,,1025.0,,SAN
2025-03-09,13.9,7.2,21.1,0.0,,,5.0,,1021.9,,SAN
2025-03-10,14.7,8.3,21.7,0.0,,,6.1,,1014.7,,SAN
2025-03-11,15.1,12.8,16.7,23.1,,,13.7,,1011.4,,SAN
2025-03-12,15.3,14.4,17.2,0.5,,,15.5,,1016.1,,SAN
2025-03-13,14.5,11.1,16.1,19.0,,,20.9,,1014.8,,SAN
2025-03-14,13.2,11.7,15.0,7.1,,,14.8,,1017.9,,SAN
2025-03-15,13.8,10.6,17.8,0.0,,,8.6,,1019.1,,SAN
2025-03-16,13.6,8.3,18.9,0.0,,,6.1,,1021.2,,SAN
2025-03-17,14.3,11.7,17.8,0.3,,,10.4,,1020.4,,SAN
2025-03-18,14.6,11.1,17.8,0.0,,,13.0,,1024.9,,SAN
2025-03-19,14.9,8.9,24.4,0.0,,,9.4,,1024.4,,SAN
2025-03-20,16.2,10.0,20.6,0.0,,,6.8,,1020.2,,SAN
2025-03-21,14.3,9.4,21.1,0.0,0.0,,4.7,,1017.3,,SAN
2025-03-22,15.2,10.6,20.0,0.0,0.0,,8.6,,1016.0,,SAN
2025-03-23,15.7,13.9,18.3,0.0,0.0,,8.3,,1016.7,,SAN
2025-03-24,15.9,12.2,20.0,0.0,0.0,,6.1,,1017.6,,SAN
2025-03-25,15.3,12.8,18.3,0.0,0.0,,8.6,,1015.9,,SAN
2025-03-26,15.1,13.9,17.2,0.0,0.0,,8.3,,1018.2,,SAN
2025-03-27,16.4,15.0,19.4,0.0,0.0,,10.8,,1018.4,,SAN
2025-03-28,16.3,13.9,18.3,0.0,0.0,,11.9,,1016.9,,SAN
2025-03-29,15.6,14.4,17.8,0.0,0.0,,12.2,,1016.2,,SAN
2025-03-30,15.8,13.3,18.9,0.0,,,8.3,,1019.0,,SAN
2025-03-31,15.8,13.9,16.7,2.3,,,10.8,,1019.5,,SAN
2025-01-01,4.8,2.8,6.7,1.0,0.0,,7.2,,1017.3,,SEA
2025-01-02,5.3,3.3,7.2,1.3,0.0,,10.4,,1018.2,,SEA
2025-01-03,6.1,3.9,7.8,12.2,0.0,,13.7,,1009.6,,SEA
2025-01-04,6.2,3.3,8.3,6.1,0.0,,11.5,,1015.7,,SEA
2025-01-05,7.9,6.7,9.4,0.0,0.0,,12.2,,1023.3,,SEA
2025-01-06,7.1,5.0,7.8,0.0,0.0,,11.9,,1032.2,,SEA
2025-01-07,4.8,3.3,6.7,0.3,0.0,,7.6,,1032.4,,SEA
2025-01-08,6.6,5.0,10.0,1.0,0.0,,9.4,,1033.0,,SEA
2025-01-09,6.9,3.3,11.1,0.0,0.0,,7.6,,1030.3,,SEA
2025-01-10,7.4,5.6,8.9,3.6,0.0,,12.2,,1024.5,,SEA
2025-01-11,6.3,2.2,7.8,0.0,0.0,,7.9,,1033.8,,SEA
2025-01-12,4.2,1.7,6.1,0.3,0.0,,6.8,,1033.9,,SEA
2025-01-13,3.2,0.0,5.0,0.0,0.0,,5.8,,1036.0,,SEA
2025-01-14,2.7,1.1,5.0,0.0,0.0,,7.2,,1035.1,,SEA
2025-01-15,3.2,1.7,5.0,0.0,0.0,,6.1,,1028.9,,SEA
2025-01-16,2.8,0.6,6.1,0.8,0.0,,7.9,,1024.0,,SEA
2025-01-17,3.9,0.0,6.1,0.0,0.0,,7.6,,1030.8,,SEA
2025-01-18,1.4,-2.7,6.1,0.0,0.0,,9.0,,1033.5,,SEA
2025-01-19,1.9,-2.1,5.6,0.0,0.0,,11.5,,1033.1,,SEA
2025-01-20,2.8,-2.1,6.1,0.0,0.0,,10.4,,1034.0,,SEA
2025-01-21,1.8,-3.2,6.1,0.0,0.0,,5.8,,1035.3,,SEA
2025-01-22,1.6,-2.7,6.7,0.0,0.0,,10.8,,1040.3,,SEA
2025-01-23,1.8,-3.2,5.6,0.0,0.0,,7.6,,1034.1,,SEA
2025-01-24,4.2,0.0,6.1,0.0,0.0,,14.8,,1030.8,,SEA
2025-01-25,2.7,-1.6,6.7,0.0,0.0,,19.8,,1030.1,,SEA
2025-01-26,1.9,-3.2,6.7,0.0,0.0,,5.8,,1030.7,,SEA
2025-01-27,2.5,-1.6,8.3,0.0,0.0,,10.1,,1028.7,,SEA
2025-01-28,2.3,-3.2,8.3,0.0,0.0,,5.4,,1023.9,,SEA
2025-01-29,2.7,-2.1,8.3,0.0,0.0,,5.4,,1021.0,,SEA
2025-01-30,3.2,0.0,6.1,4.3,0.0,,13.7,,1019.3,,SEA
2025-01-31,6.2,3.9,10.0,18.0,0.0,,18.7,,1006.8,,SEA
2025-02-01,4.3,0.6,4.4,4.3,0.0,,22.0,,1013.6,,SEA
2025-02-02,1.2,-0.5,2.2,5.1,0.0,,17.3,,1010.7,,SEA
2025-02-03,1.1,-0.5,3.9,0.5,3.0,,12.2,,1009.8,,SEA
2025-02-04,1.3,-1.0,5.6,0.0,0.0,,13.0,,1008.4,,SEA
2025-02-05,0.9,-1.6,3.9,2.3,3.0,,13.3,,1011.5,,SEA
2025-02-06,2.1,-1.0,3.9,1.0,0.0,,18.7,,1016.0,,SEA
2025-02-07,0.3,-2.1,3.9,0.0,0.0,,12.6,,1020.2,,SEA
2025-02-08,2.1,0.6,3.3,1.8,0.0,,5.8,,1028.0,,SEA
2025-02-09,2.3,-0.5,4.4,0.0,0.0,,9.4,,1032.9,,SEA
2025-02-10,1.5,-1.6,4.4,0.0,0.0,,13.7,,1031.7,,SEA
2025-02-11,-1.2,-4.9,2.2,0.0,0.0,,11.9,,1026.3,,SEA
2025-02-12,-1.0,-6.6,5.6,0.0,0.0,,12.2,,1015.2,,SEA
2025-02-13,0.9,-1.6,2.2,0.0,0.0,,18.7,,998.5,,SEA
2025-02-14,1.3,-0.5,4.4,1.0,0.0,,10.4,,1015.0,,SEA
2025-02-15,3.9,2.8,6.1,1.5,0.0,,9.4,,1024.5,,SEA
2025-02-16,5.6,3.9,11.1,4.6,0.0,,13.7,,1012.8,,SEA
2025-02-17,6.7,5.6,8.3,5.6,0.0,,10.4,,1014.2,,SEA
2025-02-18,7.7,5.6,11.7,0.0,0.0,,8.3,,1020.1,,SEA
2025-02-19,8.9,6.7,10.6,3.6,0.0,,26.3,,1015.0,,SEA
2025-02-20,7.4,5.6,9.4,0.8,0.0,,13.0,,1028.3,,SEA
2025-02-21,7.3,3.9,10.0,7.1,0.0,,8.3,,1021.3,,SEA
2025-02-22,8.6,7.2,12.8,20.3,0.0,,13.0,,1014.5,,SEA
2025-02-23,9.6,7.8,11.7,10.7,0.0,,15.5,,1011.8,,SEA
2025-02-24,8.9,6.1,11.1,11.4,0.0,,17.6,,1009.5,,SEA
2025-02-25,8.2,5.0,10.0,6.9,0.0,,30.2,,1015.8,,SEA
2025-02-26,7.1,1.1,15.6,0.0,0.0,,9.4,,1022.2,,SEA
2025-02-27,11.0,3.9,17.2,0.0,0.0,,10.4,,1022.2,,SEA
2025-02-28,9.7,3.9,15.6,0.0,0.0,,8.6,,1019.6,,SEA
2025-03-01,8.9,2.8,16.7,0.0,0.0,,9.0,,1012.2,,SEA
2025-03-02,9.6,6.7,10.6,0.0,0.0,,7.9,,1014.4,,SEA
2025-03-03,8.4,6.1,10.6,0.5,0.0,,11.5,,1019.5,,SEA
2025-03-04,7.2,5.0,9.4,5.3,0.0,,10.8,,1019.1,,SEA
2025-03-05,7.1,3.3,11.7,0.0,0.0,,13.3,,1018.5,,SEA
2025-03-06,6.7,3.3,11.1,0.0,0.0,,8.6,,1017.4,,SEA
2025-03-07,6.2,2.2,10.6,0.0,0.0,,13.0,,1022.6,,SEA
2025-03-08,8.4,5.6,12.8,0.8,0.0,,12.2,,1021.3,,SEA
2025-03-09,10.1,3.3,12.2,10.2,0.0,,18.4,,1015.9,,SEA
2025-03-10,5.1,3.3,7.2,0.5,0.0,,9.0,,1016.8,,SEA
2025-03-11,6.1,3.3,10.6,0.0,0.0,,9.0,,1006.7,,SEA
2025-03-12,7.4,5.0,10.6,9.7,0.0,,11.5,,998.9,,SEA
2025-03-13,6.0,1.7,8.9,8.9,0.0,,18.7,,1001.5,,SEA
2025-03-14,4.4,1.1,9.4,0.5,0.0,,10.1,,1000.6,,SEA
2025-03-15,6.7,3.9,8.9,20.8,0.0,,22.3,,1002.3,,SEA
2025-03-16,5.2,3.3,10.0,2.8,0.0,,15.5,,1004.4,,SEA
2025-03-17,5.9,1.7,10.6,3.8,0.0,,14.4,,1014.9,,SEA
2025-03-18,4.6,1.1,10.0,0.0,0.0,,10.8,,1026.8,,SEA
2025-03-19,8.1,5.6,12.8,0.0,0.0,,20.5,,1019.3,,SEA
2025-03-20,7.8,5.0,9.4,10.9,0.0,,21.6,,1015.6,,SEA
2025-03-21,8.0,3.9,11.1,5.8,0.0,,20.5,,1011.9,,SEA
2025-03-22,6.8,4.4,11.7,0.5,0.0,,12.6,,1018.7,,SEA
2025-03-23,8.5,6.1,12.2,20.8,0.0,,19.4,,1017.8,,SEA
2025-03-24,11.3,10.0,13.3,1.5,0.0,,14.4,,1021.7,,SEA
2025-03-25,13.8,10.0,22.8,0.0,0.0,,7.6,,1018.1,,SEA
2025-03-26,13.1,9.4,18.3,14.7,0.0,,13.0,,1006.7,,SEA
2025-03-27,12.1,8.3,15.6,1.8,0.0,,13.3,,1004.1,,SEA
2025-03-28,10.2,5.6,11.7,8.9,0.0,,14.0,,1007.6,,SEA
2025-03-29,8.2,5.0,13.3,0.0,0.0,,10.1,,1017.6,,SEA
2025-03-30,9.8,4.4,17.2,1.0,0.0,,20.2,,1006.3,,SEA
2025-03-31,9.7,5.6,11.7,1.3,0.0,,12.6,,1005.4,,SEA
2025-01-01,9.9,5.6,12.8,0.0,,,5.8,,1022.7,,SFO
2025-01-02,11.3,8.3,15.6,0.0,,,6.1,,1020.4,,SFO
2025-01-03,12.9,10.0,16.1,3.0,,,11.2,,1018.0,,SFO
2025-01-04,11.1,7.8,12.8,0.0,,,6.1,,1024.8,,SFO
2025-01-05,10.8,7.8,15.0,0.0,,,4.7,,1025.9,,SFO
2025-01-06,10.9,8.3,14.4,0.0,,,6.1,,1023.3,,SFO
2025-01-07,13.6,10.0,18.3,0.0,,,17.6,,1022.9,,SFO
2025-01-08,15.7,10.0,18.3,0.0,,,13.7,,1023.3,,SFO
2025-01-09,12.7,7.2,21.7,0.0,,,4.0,,1022.5,,SFO
2025-01-10,14.1,9.4,18.3,0.0,,,10.4,,1025.8,,SFO
2025-01-11,13.4,8.9,18.9,0.0,,,13.0,,1023.8,,SFO
2025-01-12,14.7,10.0,17.8,0.0,,,10.8,,1021.4,,SFO
2025-01-13,12.4,7.8,16.1,0.0,,,18.4,,1024.8,,SFO
2025-01-14,10.6,5.6,16.7,0.0,,,5.4,,1027.2,,SFO
2025-01-15,10.3,5.6,13.9,0.0,,,2.9,,1024.2,,SFO
2025-01-16,10.2,5.6,15.6,0.0,,,7.6,,1021.9,,SFO
2025-01-17,10.2,5.6,13.3,0.0,,,12.2,,1023.3,,SFO
2025-01-18,10.3,8.3,12.8,0.0,,,7.6,,1024.9,,SFO
2025-01-19,9.1,5.6,12.2,0.0,,,9.7,,1023.9,,SFO
2025-01-20,10.0,6.1,16.1,0.0,,,12.6,,1025.2,,SFO
2025-01-21,10.7,4.4,15.6,0.0,,,3.6,,1032.2,,SFO
2025-01-22,9.7,4.4,16.7,0.0,,,3.6,,1028.3,,SFO
2025-01-23,12.6,7.2,19.4,0.0,,,6.8,,1026.3,,SFO
2025-01-24,11.7,6.1,15.6,0.0,,,10.1,,1017.6,,SFO
2025-01-25,11.7,8.9,14.4,0.3,,,11.5,,1008.4,,SFO
2025-01-26,10.7,8.3,13.9,0.0,,,17.6,,1017.0,,SFO
2025-01-27,9.4,3.9,15.6,0.0,,,7.2,,1020.9,,SFO
2025-01-28,9.7,5.0,14.4,0.0,,,12.2,,1019.7,,SFO
2025-01-29,11.1,7.8,12.8,0.0,,,10.4,,1020.9,,SFO
2025-01-30,10.2,8.9,11.7,0.0,,,6.8,,1024.3,,SFO
2025-01-31,9.9,8.9,13.3,2.8,,,13.7,,1023.5,,SFO
2025-02-01,12.9,11.7,16.7,4.3,,,15.1,,1019.4,,SFO
2025-02-02,15.2,13.9,16.1,2.8,,,20.2,,1016.7,,SFO
2025-02-03,14.8,12.8,16.7,1.0,,,24.5,,1011.3,,SFO
2025-02-04,14.1,8.3,16.7,44.5,,,32.0,,1006.1,,SFO
2025-02-05,9.4,5.6,13.3,0.0,,,9.4,,1018.2,,SFO
2025-02-06,10.5,7.2,17.2,17.0,,,25.9,,1008.6,,SFO
2025-02-07,12.5,8.3,14.4,1.5,,,11.9,,1020.6,,SFO
2025-02-08,9.7,5.6,13.9,0.0,,,12.2,,1026.4,,SFO
2025-02-09,9.2,3.9,13.9,0.0,,,5.8,,1023.0,,SFO
2025-02-10,8.8,3.3,13.9,0.0,,,9.7,,1020.0,,SFO
2025-02-11,8.8,4.4,12.2,0.5,,,15.1,,1016.9,,SFO
2025-02-12,9.1,7.2,11.7,9.4,,,11.5,,1010.4,,SFO
2025-02-13,12.8,11.7,15.6,48.3,,,36.7,,1002.1,,SFO
2025-02-14,12.6,8.9,13.9,0.3,,,25.2,,1019.9,,SFO
2025-02-15,9.6,5.6,13.9,0.0,,,6.5,,1026.7,,SFO
2025-02-16,10.8,7.2,15.0,0.0,,,11.9,,1021.5,,SFO
2025-02-17,12.0,8.9,15.0,0.0,,,18.7,,1020.2,,SFO
2025-02-18,10.9,7.2,15.0,0.0,,,10.1,,1021.6,,SFO
2025-02-19,12.2,9.4,17.8,0.5,,,13.0,,1022.1,,SFO
2025-02-20,12.0,7.2,18.3,0.0,,,9.0,,1021.9,,SFO
2025-02-21,12.0,7.2,18.9,0.0,,,11.2,,1021.3,,SFO
2025-02-22,11.3,7.2,17.8,0.0,,,12.6,,1024.6,,SFO
2025-02-23,12.5,9.4,16.7,0.0,,,11.9,,1025.2,,SFO
2025-02-24,13.2,11.1,17.8,0.0,,,13.7,,1023.1,,SFO
2025-02-25,12.9,8.3,17.8,0.0,,,13.3,,1022.2,,SFO
2025-02-26,11.9,7.2,20.6,0.0,,,5.8,,1018.2,,SFO
2025-02-27,14.6,8.9,21.7,0.0,,,7.9,,1017.1,,SFO
2025-02-28,14.9,10.0,21.1,0.0,,,10.1,,1014.0,,SFO
2025-03-01,12.0,8.9,15.0,0.5,,,17.6,,1015.3,,SFO
2025-03-02,11.8,9.4,13.9,3.3,,,32.4,,1018.6,,SFO
2025-03-03,10.7,7.8,13.9,0.0,,,25.9,,1021.8,,SFO
2025-03-04,11.1,9.4,15.6,0.0,,,10.1,,1022.8,,SFO
2025-03-05,12.5,9.4,13.3,0.0,,,24.8,,1014.9,,SFO
2025-03-06,10.3,7.8,14.4,1.0,,,19.8,,1012.1,,SFO
2025-03-07,11.1,7.2,17.8,0.0,,,16.2,,1019.9,,SFO
2025-03-08,10.9,6.1,17.2,0.0,,,10.4,,1024.7,,SFO
2025-03-09,11.0,6.1,16.1,0.0,,,9.7,,1021.0,,SFO
2025-03-10,11.2,7.2,18.9,0.0,,,7.9,,1013.5,,SFO
2025-03-11,12.8,7.8,17.8,0.0,,,14.0,,1010.0,,SFO
2025-03-12,12.9,8.3,16.1,13.0,,,24.5,,1007.2,,SFO
2025-03-13,9.5,7.2,12.2,3.6,,,19.4,,1010.9,,SFO
2025-03-14,9.8,6.1,14.4,11.2,,,24.8,,1011.3,,SFO
2025-03-15,11.7,9.4,16.1,0.0,,,12.2,,1020.1,,SFO
2025-03-16,11.8,8.3,15.6,1.5,,,22.7,,1018.7,,SFO
2025-03-17,11.9,9.4,14.4,3.3,,,26.3,,1017.2,,SFO
2025-03-18,9.9,5.6,15.0,0.0,,,14.8,,1028.6,,SFO
2025-03-19,10.3,5.6,15.6,0.0,,,12.2,,1027.0,,SFO
2025-03-20,11.3,7.8,15.6,0.0,,,17.6,,1025.5,,SFO
2025-03-21,11.5,7.8,16.1,0.0,,,17.3,,1022.5,,SFO
2025-03-22,12.6,10.6,16.1,0.0,,,24.1,,1021.0,,SFO
2025-03-23,12.6,9.4,18.9,0.0,,,16.9,,1020.2,,SFO
2025-03-24,13.9,10.0,24.4,0.0,,,4.3,,1018.4,,SFO
2025-03-25,18.8,12.2,27.8,0.0,,,11.2,,1013.7,,SFO
2025-03-26,15.4,12.2,17.2,0.0,,,20.9,,1014.6,,SFO
2025-03-27,14.3,12.2,17.2,2.0,,,20.5,,1016.5,,SFO
2025-03-28,13.4,10.6,16.1,0.8,,,15.8,,1018.0,,SFO
2025-03-29,11.7,8.3,15.0,0.0,,,13.7,,1017.1,,SFO
2025-03-30,13.1,10.0,18.3,0.3,,,23.8,,1011.8,,SFO
2025-03-31,13.9,9.4,16.1,3.0,,,23.8,,1015.5,,SFO
2025-01-01,0.2,-3.2,6.7,0.0,0.0,,15.5,,1021.2,,SLC
2025-01-02,6.4,3.3,12.2,0.8,0.0,,12.2,,1022.9,,SLC
2025-01-03,7.9,4.4,14.4,0.0,0.0,,16.2,,1014.7,,SLC
2025-01-04,6.7,0.6,12.2,9.4,0.0,,14.8,,1015.0,,SLC
2025-01-05,1.9,-1.0,5.6,0.0,2.0,,10.4,,1025.3,,SLC
2025-01-06,3.8,1.1,5.0,1.0,0.0,,9.0,,1023.4,,SLC
2025-01-07,2.0,-1.6,6.7,0.0,0.0,,7.9,,1027.9,,SLC
2025-01-08,-0.4,-4.3,4.4,0.0,0.0,,9.4,,1031.0,,SLC
2025-01-09,-0.2,-2.7,3.9,0.0,0.0,,10.4,,1030.4,,SLC
2025-01-10,-0.6,-4.3,5.0,0.0,0.0,,13.7,,1028.1,,SLC
2025-01-11,2.3,0.0,3.3,0.0,0.0,,11.2,,1020.8,,SLC
2025-01-12,-0.2,-3.8,2.2,1.5,5.0,,7.9,,1023.9,,SLC
2025-01-13,-2.6,-6.0,1.1,0.0,0.0,,6.8,,1029.6,,SLC
2025-01-14,-0.8,-2.7,3.3,0.0,0.0,,7.6,,1033.8,,SLC
2025-01-15,-0.4,-3.2,5.6,0.0,0.0,,7.9,,1035.1,,SLC
2025-01-16,-0.3,-3.8,5.0,0.0,0.0,,7.6,,1025.9,,SLC
2025-01-17,-0.7,-4.3,2.8,0.0,0.0,,11.5,,1017.5,,SLC
2025-01-18,-0.8,-6.0,0.0,0.3,0.0,,15.5,,1027.1,,SLC
2025-01-19,-3.8,-7.1,0.6,0.0,0.0,,11.9,,1026.0,,SLC
2025-01-20,-4.8,-9.3,-3.2,0.0,0.0,,16.9,,1034.1,,SLC
2025-01-21,-6.2,-9.3,2.2,0.0,0.0,,11.2,,1036.3,,SLC
2025-01-22,-3.8,-8.8,1.7,0.0,0.0,,7.9,,1035.5,,SLC
2025-01-23,-3.4,-8.2,3.3,0.0,0.0,,7.9,,1038.1,,SLC
2025-01-24,-0.6,-3.2,2.2,0.0,0.0,,9.7,,1020.4,,SLC
2025-01-25,-1.1,-3.2,-1.0,0.0,0.0,,7.9,,1016.1,,SLC
2025-01-26,-1.4,-4.3,2.2,0.0,0.0,,7.6,,1023.5,,SLC
2025-01-27,-2.8,-7.1,2.2,0.0,0.0,,6.1,,1025.0,,SLC
2025-01-28,-2.6,-6.7,4.0,0.0,,,6.0,,1019.8,,SLC
2025-01-29,-1.4,-7.1,3.9,0.0,0.0,,5.8,,1017.9,,SLC
2025-01-30,-0.6,-5.5,7.8,0.0,0.0,,7.2,,1022.4,,SLC
2025-01-31,0.5,-3.8,9.4,0.0,0.0,,13.3,,1021.9,,SLC
2025-02-01,6.0,2.8,8.9,2.3,0.0,,16.6,,1016.0,,SLC
2025-02-02,8.9,3.3,16.1,0.0,0.0,,32.0,,1007.7,,SLC
2025-02-03,15.2,13.3,18.9,0.0,0.0,,34.9,,1006.0,,SLC
2025-02-04,17.5,15.0,20.6,0.0,0.0,,33.5,,1002.6,,SLC
2025-02-05,14.4,-0.5,17.8,0.8,0.0,,28.1,,1006.5,,SLC
2025-02-06,2.4,-2.7,10.6,0.0,0.0,,7.9,,1012.8,,SLC
2025-02-07,8.6,2.2,14.4,1.0,0.0,,27.4,,1008.8,,SLC
2025-02-08,2.1,-4.3,6.1,2.3,0.0,,9.4,,1022.1,,SLC
2025-02-09,-1.8,-6.6,4.4,0.0,3.0,,9.0,,1026.5,,SLC
2025-02-10,-1.3,-5.5,3.9,0.0,0.0,,8.3,,1020.4,,SLC
2025-02-11,-2.6,-5.5,-2.1,0.3,0.0,,13.7,,1012.5,,SLC
2025-02-12,-5.1,-9.3,-1.0,0.0,0.0,,10.4,,1014.4,,SLC
2025-02-13,-4.2,-8.2,4.4,0.5,0.0,,25.6,,1010.8,,SLC
2025-02-14,4.7,1.1,10.6,6.1,0.0,,14.8,,1008.7,,SLC
2025-02-15,2.3,-1.0,3.3,3.8,0.0,,12.6,,1022.0,,SLC
2025-02-16,1.1,-0.5,6.7,0.3,0.0,,13.0,,1018.5,,SLC
2025-02-17,3.4,0.6,7.2,1.3,0.0,,9.7,,1013.0,,SLC
2025-02-18,3.3,0.0,7.2,0.0,0.0,,8.3,,1019.8,,SLC
2025-02-19,2.6,-1.6,7.2,0.0,0.0,,15.5,,1020.3,,SLC
2025-02-20,2.4,0.0,3.9,16.0,0.0,,11.9,,1019.3,,SLC
2025-02-21,0.8,-1.6,5.0,0.0,3.0,,6.1,,1026.7,,SLC
2025-02-22,0.9,-3.8,7.8,0.0,0.0,,9.0,,1028.0,,SLC
2025-02-23,3.8,-1.0,11.1,0.0,0.0,,11.2,,1024.9,,SLC
2025-02-24,8.3,2.8,17.8,0.0,0.0,,10.1,,1020.8,,SLC
2025-02-25,10.8,0.6,14.4,0.0,0.0,,16.6,,1019.4,,SLC
2025-02-26,3.2,-1.6,8.3,0.0,0.0,,7.9,,1027.4,,SLC
2025-02-27,3.6,-1.6,11.7,0.0,,,7.6,,1029.7,,SLC
2025-02-28,4.3,-2.1,11.7,0.0,0.0,,7.2,,1023.1,,SLC
2025-03-01,4.7,-2.1,12.8,0.0,0.0,,4.7,,1016.8,,SLC
2025-03-02,7.6,-1.0,19.4,0.0,0.0,,17.0,,1007.6,,SLC
2025-03-03,9.2,3.9,10.0,2.8,0.0,,18.4,,1006.2,,SLC
2025-03-04,5.9,3.9,10.0,0.5,0.0,,9.4,,1017.9,,SLC
2025-03-05,6.9,3.9,11.1,4.1,0.0,,12.2,,1013.2,,SLC
2025-03-06,5.3,0.6,8.9,5.6,0.0,,20.5,,998.3,,SLC
2025-03-07,2.6,-1.0,6.1,7.6,3.0,,14.0,,1014.1,,SLC
2025-03-08,2.1,-3.2,7.8,0.0,0.0,,6.8,,1025.9,,SLC
2025-03-09,5.1,-0.5,15.0,0.0,0.0,,11.5,,1024.2,,SLC
2025-03-10,8.1,0.0,17.0,0.0,,,8.1,,1014.8,,SLC
2025-03-11,11.2,4.0,17.0,0.0,,,13.3,,1008.3,,SLC
2025-03-12,11.6,7.2,16.1,0.0,0.0,,30.6,,1004.8,,SLC
2025-03-13,11.1,0.0,11.7,5.1,0.0,,27.0,,998.3,,SLC
2025-03-14,2.0,0.0,4.4,2.0,3.0,,12.2,,1003.2,,SLC
2025-03-15,3.3,-0.5,7.2,1.3,3.0,,11.5,,1009.7,,SLC
2025-03-16,5.3,0.0,15.6,0.0,0.0,,30.6,,1013.8,,SLC
2025-03-17,13.2,0.6,17.8,5.6,0.0,,33.8,,1005.2,,SLC
2025-03-18,3.8,-1.0,1.7,12.4,5.0,,16.9,,1014.3,,SLC
2025-03-19,0.3,-3.8,6.7,0.0,5.0,,9.4,,1030.0,,SLC
2025-03-20,4.9,1.1,9.4,0.0,0.0,,14.8,,1019.4,,SLC
2025-03-21,5.1,0.6,11.7,0.0,0.0,,10.4,,1017.8,,SLC
2025-03-22,8.4,5.0,12.8,1.8,0.0,,14.8,,1013.8,,SLC
2025-03-23,8.3,3.3,13.9,0.0,0.0,,7.6,,1020.9,,SLC
2025-03-24,12.2,7.8,18.3,0.0,0.0,,12.2,,1022.6,,SLC
2025-03-25,12.9,6.1,20.6,0.0,0.0,,9.4,,1021.6,,SLC
2025-03-26,14.5,7.2,23.9,0.0,0.0,,10.1,,1013.7,,SLC
2025-03-27,18.7,12.8,25.6,0.0,0.0,,24.1,,1005.0,,SLC
2025-03-28,13.7,6.7,14.4,0.0,0.0,,13.3,,1006.0,,SLC
2025-03-29,8.9,3.9,12.2,2.3,0.0,,13.3,,1007.8,,SLC
2025-03-30,6.6,2.8,13.3,0.0,0.0,,11.5,,1010.6,,SLC
2025-03-31,10.2,2.2,15.0,9.9,0.0,,18.0,,1004.4,,SLC
2025-01-01,9.3,4.4,11.7,0.0,,,5.1,,1023.0,,SMF
2025-01-02,10.7,7.2,15.0,0.0,,,7.5,,1021.3,,SMF
2025-01-03,11.1,8.3,15.0,9.7,,,12.9,,1017.1,,SMF
2025-01-04,9.8,6.7,14.4,0.0,,,8.5,,1024.4,,SMF
2025-01-05,9.7,5.0,15.6,0.0,,,4.7,,1025.7,,SMF
2025-01-06,11.0,5.6,16.1,0.0,,,13.3,,1023.0,,SMF
2025-01-07,13.3,9.4,17.8,0.0,,,27.0,,1023.7,,SMF
2025-01-08,11.6,6.7,17.2,0.0,,,11.5,,1023.6,,SMF
2025-01-09,11.3,3.3,20.6,0.0,,,15.6,,1022.6,,SMF
2025-01-10,10.5,5.0,18.3,0.0,,,8.0,,1025.9,,SMF
2025-01-11,12.0,7.8,17.2,0.0,,,30.5,,1023.5,,SMF
2025-01-12,10.8,6.7,16.7,0.0,,,22.2,,1021.2,,SMF
2025-01-13,9.6,3.9,15.6,0.0,,,19.5,,1025.2,,SMF
2025-01-14,7.7,0.6,15.0,0.0,,,4.4,,1027.3,,SMF
2025-01-15,8.4,1.1,17.2,0.0,,,1.3,,1024.8,,SMF
2025-01-16,8.5,2.2,17.2,0.0,,,6.2,,1022.1,,SMF
2025-01-17,8.0,2.8,15.0,0.0,,,5.2,,1022.4,,SMF
2025-01-18,7.2,0.0,15.0,0.0,,,2.2,,1024.4,,SMF
2025-01-19,6.5,0.0,15.0,0.0,,,5.0,,1023.4,,SMF
2025-01-20,9.1,1.1,17.2,0.0,,,19.4,,1025.1,,SMF
2025-01-21,7.0,-0.6,15.0,0.0,,,6.7,,1032.7,,SMF
2025-01-22,7.0,0.0,15.6,0.0,,,2.7,,1028.5,,SMF
2025-01-23,8.5,0.6,17.8,0.0,,,3.7,,1027.2,,SMF
2025-01-24,9.0,2.8,16.7,0.0,,,6.7,,1017.6,,SMF
2025-01-25,8.8,3.3,14.4,0.0,,,9.7,,1008.3,,SMF
2025-01-26,7.9,2.2,14.4,0.0,,,17.2,,1017.3,,SMF
2025-01-27,9.9,3.9,17.8,0.0,,,17.0,,1020.0,,SMF
2025-01-28,6.6,-0.6,13.9,0.0,,,2.9,,1019.2,,SMF
2025-01-29,8.1,4.4,13.9,0.0,,,4.7,,1020.4,,SMF
2025-01-30,6.3,0.0,13.3,0.0,,,6.3,,1023.9,,SMF
2025-01-31,9.1,7.2,11.1,9.5,,,12.6,,1023.9,,SMF
2025-02-01,12.1,10.6,14.4,12.6,,,20.1,,1019.1,,SMF
2025-02-02,14.8,13.9,16.1,5.4,,,24.3,,1015.6,,SMF
2025-02-03,14.4,12.8,16.7,6.3,,,21.1,,1010.7,,SMF
2025-02-04,12.7,8.9,16.7,41.9,,,33.9,,1005.4,,SMF
2025-02-05,8.4,4.4,14.4,0.0,,,11.1,,1018.1,,SMF
2025-02-06,7.0,3.3,13.9,30.8,,,11.7,,1009.3,,SMF
2025-02-07,10.1,7.2,14.4,0.0,,,12.4,,1019.7,,SMF
2025-02-08,8.3,3.9,13.3,0.0,,,15.2,,1026.0,,SMF
2025-02-09,8.5,3.3,13.9,0.0,,,16.7,,1022.5,,SMF
2025-02-10,7.3,2.2,12.8,0.0,,,10.2,,1019.7,,SMF
2025-02-11,6.4,2.2,10.0,0.0,,,4.9,,1016.4,,SMF
2025-02-12,6.4,0.6,11.7,2.3,,,7.8,,1011.7,,SMF
2025-02-13,12.6,9.4,14.4,24.5,,,34.9,,1000.8,,SMF
2025-02-14,12.3,8.3,16.7,0.7,,,13.6,,1017.6,,SMF
2025-02-15,9.7,5.0,14.4,0.0,,,7.1,,1026.4,,SMF
2025-02-16,11.5,8.3,15.6,0.8,,,9.3,,1021.1,,SMF
2025-02-17,10.6,6.7,16.1,0.0,,,7.2,,1019.0,,SMF
2025-02-18,11.5,6.1,17.2,0.0,,,8.0,,1021.0,,SMF
2025-02-19,12.2,8.3,15.6,4.3,,,13.2,,1021.5,,SMF
2025-02-20,12.8,8.9,18.3,0.0,,,22.5,,1021.1,,SMF
2025-02-21,11.8,6.1,18.3,0.0,,,4.8,,1021.4,,SMF
2025-02-22,13.8,6.1,20.0,0.0,,,6.6,,1024.2,,SMF
2025-02-23,15.5,12.2,20.0,0.0,,,12.4,,1024.2,,SMF
2025-02-24,14.1,9.4,19.4,0.0,,,13.4,,1022.0,,SMF
2025-02-25,12.4,5.6,19.4,0.0,,,12.0,,1021.6,,SMF
2025-02-26,12.2,4.4,21.7,0.0,,,4.2,,1018.5,,SMF
2025-02-27,14.1,6.7,22.8,0.0,,,7.8,,1018.2,,SMF
2025-02-28,14.8,7.8,21.7,0.0,,,6.2,,1013.4,,SMF
2025-03-01,13.3,6.1,21.7,0.0,,,14.3,,1012.1,,SMF
2025-03-02,11.7,8.3,16.7,1.2,,,16.4,,1015.8,,SMF
2025-03-03,10.4,3.9,16.1,0.0,,,8.0,,1020.4,,SMF
2025-03-04,11.8,8.9,15.6,0.0,,,13.1,,1022.5,,SMF
2025-03-05,11.6,8.3,15.0,0.2,,,9.9,,1013.3,,SMF
2025-03-06,9.8,6.7,15.0,3.6,,,6.6,,1011.0,,SMF
2025-03-07,10.6,3.3,18.9,0.0,,,14.9,,1019.3,,SMF
2025-03-08,11.1,2.8,18.9,0.0,,,7.1,,1024.5,,SMF
2025-03-09,12.7,3.9,20.6,0.0,,,6.6,,1020.6,,SMF
2025-03-10,13.4,5.6,21.7,0.0,,,4.6,,1012.8,,SMF
2025-03-11,13.5,5.0,20.6,0.0,,,13.2,,1008.5,,SMF
2025-03-12,12.7,10.0,15.6,12.8,,,22.2,,1006.8,,SMF
2025-03-13,10.5,7.8,14.4,2.0,,,13.6,,1009.1,,SMF
2025-03-14,9.1,6.7,12.2,7.4,,,23.3,,1010.8,,SMF
2025-03-15,11.4,8.3,15.6,0.0,,,16.3,,1019.2,,SMF
2025-03-16,13.1,8.3,17.8,2.0,,,22.7,,1017.9,,SMF
2025-03-17,11.8,8.3,15.0,2.5,,,18.3,,1016.0,,SMF
2025-03-18,9.8,2.2,16.7,0.0,,,5.1,,1027.8,,SMF
2025-03-19,10.6,3.9,16.1,0.3,,,11.4,,1026.4,,SMF
2025-03-20,12.1,6.1,17.8,0.0,,,6.0,,1024.6,,SMF
2025-03-21,13.1,8.3,17.8,0.0,,,4.9,,1021.4,,SMF
2025-03-22,14.3,9.4,19.4,0.0,,,5.9,,1019.6,,SMF
2025-03-23,16.0,8.3,25.0,0.0,,,3.7,,1019.0,,SMF
2025-03-24,18.2,8.3,27.2,0.0,,,1.4,,1018.7,,SMF
2025-03-25,20.1,10.6,29.4,0.0,,,3.8,,1013.8,,SMF
2025-03-26,16.7,12.2,20.0,0.0,,,16.1,,1012.5,,SMF
2025-03-27,15.4,11.7,18.3,0.5,,,21.5,,1015.4,,SMF
2025-03-28,14.0,10.6,18.3,0.5,,,18.0,,1016.4,,SMF
2025-03-29,12.5,4.4,17.8,0.0,,,7.4,,1016.1,,SMF
2025-03-30,14.0,10.0,19.4,9.1,,,23.4,,1011.4,,SMF
2025-03-31,13.7,9.4,17.8,0.3,,,22.2,,1013.6,,SMF
2025-01-01,1.5,-2.2,4.4,0.0,0.0,,17.2,,1024.9,,STL
2025-01-02,1.5,-3.3,6.1,0.0,0.0,,7.0,,1025.4,,STL
2025-01-03,-0.7,-2.8,2.2,0.0,0.0,,18.0,,1030.0,,STL
2025-01-04,-2.8,-4.4,-1.7,0.0,0.0,,10.4,,1029.7,,STL
2025-01-05,-4.6,-6.1,-2.8,21.0,3.0,,23.4,,1018.5,,STL
2025-01-06,-5.5,-7.8,-2.8,1.5,20.0,,19.5,,1024.2,,STL
2025-01-07,-6.3,-11.7,0.6,0.0,18.0,,12.1,,1033.1,,STL
2025-01-08,-8.3,-13.9,-2.8,0.0,18.0,,10.6,,1030.5,,STL
2025-01-09,-9.0,-17.8,-2.2,0.0,15.0,,7.4,,1025.1,,STL
2025-01-10,-1.5,-3.3,0.0,11.0,15.0,,7.6,,1014.8,,STL
2025-01-11,-1.9,-5.6,0.6,0.0,20.0,,12.7,,1012.1,,STL
2025-01-12,2.0,-1.1,5.6,0.0,18.0,,17.3,,1013.6,,STL
2025-01-13,-7.6,-12.8,-2.8,0.0,13.0,,15.4,,1026.6,,STL
2025-01-14,-8.4,-14.4,-1.1,0.0,10.0,,11.0,,1029.6,,STL
2025-01-15,-10.5,-17.2,-3.9,0.0,8.0,,5.0,,1031.5,,STL
2025-01-16,-0.2,-9.4,5.0,0.0,8.0,,12.6,,1019.0,,STL
2025-01-17,1.2,-7.2,7.0,0.6,3.0,,12.5,,1008.7,,STL
2025-01-18,-1.4,-5.0,5.0,0.0,3.0,,21.2,,1015.3,,STL
2025-01-19,-11.1,-15.0,-5.6,0.0,3.0,,23.8,,1029.4,,STL
2025-01-20,-12.0,-16.7,-7.8,0.0,3.0,,13.5,,1036.7,,STL
2025-01-21,-16.2,-18.3,-13.3,0.0,0.0,,14.6,,1038.6,,STL
2025-01-22,-6.2,-16.1,0.0,0.0,0.0,,11.1,,1024.6,,STL
2025-01-23,-4.1,-9.4,-0.6,0.0,0.0,,17.6,,1026.7,,STL
2025-01-24,-8.3,-15.6,-1.7,0.0,0.0,,8.1,,1026.6,,STL
2025-01-25,-0.7,-7.2,7.2,0.0,0.0,,5.3,,1023.7,,STL
2025-01-26,-2.1,-6.7,1.1,0.0,0.0,,6.6,,1028.9,,STL
2025-01-27,-2.1,-10.0,5.6,0.0,0.0,,9.8,,1021.2,,STL
2025-01-28,3.9,-3.3,9.4,0.0,0.0,,11.9,,1012.9,,STL
2025-01-29,4.9,-0.6,11.1,0.0,0.0,,7.5,,1016.6,,STL
2025-01-30,4.1,-0.6,7.8,8.3,0.0,,11.5,,1012.3,,STL
2025-01-31,6.6,2.2,10.0,1.6,0.0,,15.3,,1008.5,,STL
2025-02-01,3.6,-1.7,7.8,0.0,0.0,,15.4,,1022.2,,STL
2025-02-02,7.4,1.7,14.4,0.0,0.0,,9.0,,1015.1,,STL
2025-02-03,11.2,2.8,21.7,0.0,0.0,,13.3,,1012.1,,STL
2025-02-04,4.1,1.1,6.7,0.0,0.0,,20.1,,1026.6,,STL
2025-02-05,1.0,-0.6,3.3,3.7,0.0,,13.6,,1019.2,,STL
2025-02-06,3.1,-0.6,5.0,0.0,0.0,,11.7,,1017.6,,STL
2025-02-07,0.3,-2.8,2.2,0.0,0.0,,10.1,,1024.3,,STL
2025-02-08,2.4,0.6,3.9,2.6,0.0,,13.8,,1015.5,,STL
2025-02-09,-1.7,-3.9,-0.6,0.0,0.0,,8.7,,1029.2,,STL
2025-02-10,-1.2,-5.6,2.2,0.0,0.0,,8.5,,1031.8,,STL
2025-02-11,1.2,0.6,2.2,0.0,0.0,,15.1,,1020.8,,STL
2025-02-12,-1.2,-3.9,0.6,6.6,0.0,,17.6,,1012.6,,STL
2025-02-13,-6.8,-11.1,-4.4,0.0,0.0,,17.5,,1029.8,,STL
2025-02-14,-3.9,-11.1,1.1,0.3,0.0,,18.9,,1030.3,,STL
2025-02-15,1.3,-1.1,4.4,2.6,0.0,,13.8,,1011.2,,STL
2025-02-16,-3.7,-7.2,-1.7,0.2,0.0,,27.2,,1019.3,,STL
2025-02-17,-8.4,-10.6,-6.7,0.4,0.0,,10.0,,1030.0,,STL
2025-02-18,-12.5,-15.6,-9.4,3.3,3.0,,19.7,,1034.8,,STL
2025-02-19,-11.7,-14.4,-7.8,0.5,8.0,,17.8,,1035.8,,STL
2025-02-20,-12.9,-17.8,-7.2,0.0,3.0,,14.4,,1037.4,,STL
2025-02-21,-10.5,-18.3,-3.3,0.0,3.0,,5.1,,1038.5,,STL
2025-02-22,-3.7,-10.0,3.9,0.0,3.0,,7.0,,1028.2,,STL
2025-02-23,2.0,-6.1,13.3,0.0,3.0,,7.4,,1019.5,,STL
2025-02-24,5.6,-1.1,15.6,0.0,0.0,,5.8,,1011.2,,STL
2025-02-25,7.6,0.0,17.2,0.0,0.0,,9.6,,1011.8,,STL
2025-02-26,9.9,2.8,17.8,0.0,0.0,,14.2,,1009.8,,STL
2025-02-27,8.6,1.7,15.6,0.0,0.0,,18.2,,1016.9,,STL
2025-02-28,10.8,-1.7,22.2,0.0,0.0,,17.8,,1009.4,,STL
2025-03-01,2.4,-3.3,9.4,0.0,0.0,,17.9,,1019.9,,STL
2025-03-02,0.4,-6.7,7.8,0.0,0.0,,6.1,,1024.3,,STL
2025-03-03,8.2,-1.7,17.2,0.0,0.0,,18.0,,1015.6,,STL
2025-03-04,12.5,8.9,16.1,10.1,0.0,,22.9,,998.4,,STL
2025-03-05,2.9,0.0,10.6,1.6,0.0,,37.3,,996.6,,STL
2025-03-06,2.8,-2.2,8.9,0.0,0.0,,16.5,,1015.5,,STL
2025-03-07,9.6,2.8,19.4,0.0,0.0,,19.5,,1007.5,,STL
2025-03-08,5.8,0.0,11.1,0.0,0.0,,6.9,,1019.5,,STL
2025-03-09,6.8,-3.9,17.8,0.0,0.0,,6.6,,1018.1,,STL
2025-03-10,10.8,-0.6,23.9,0.0,0.0,,8.7,,1011.6,,STL
2025-03-11,14.0,3.9,25.0,0.0,0.0,,9.5,,1006.0,,STL
2025-03-12,13.7,2.2,25.0,0.0,0.0,,6.4,,1006.2,,STL
2025-03-13,17.2,7.8,26.1,0.0,0.0,,10.8,,1006.5,,STL
2025-03-14,20.4,10.6,28.9,6.9,0.0,,29.3,,997.8,,STL
2025-03-15,15.2,8.3,17.2,2.3,0.0,,20.0,,993.4,,STL
2025-03-16,4.3,1.1,8.3,0.3,0.0,,21.9,,1009.1,,STL
2025-03-17,8.2,-3.3,20.6,0.0,0.0,,16.3,,1018.7,,STL
2025-03-18,16.6,3.9,28.3,0.0,0.0,,22.9,,1006.5,,STL
2025-03-19,16.2,6.7,25.0,0.0,0.0,,31.3,,997.8,,STL
2025-03-20,5.5,1.1,10.0,0.0,0.0,,24.6,,1015.1,,STL
2025-03-21,9.4,-1.7,19.4,0.0,0.0,,20.6,,1012.8,,STL
2025-03-22,10.7,4.4,15.6,0.0,0.0,,15.5,,1016.6,,STL
2025-03-23,10.5,7.2,17.2,30.9,0.0,,22.7,,1010.9,,STL
2025-03-24,9.4,4.4,14.4,0.0,0.0,,12.9,,1014.6,,STL
2025-03-25,10.6,3.9,17.2,0.0,0.0,,10.4,,1017.7,,STL
2025-03-26,10.2,3.3,17.2,0.0,0.0,,7.5,,1023.4,,STL
2025-03-27,10.6,6.7,15.6,18.4,0.0,,11.8,,1020.7,,STL
2025-03-28,19.8,12.2,26.7,3.6,0.0,,21.4,,1013.6,,STL
2025-03-29,18.1,16.7,20.0,2.1,,,16.8,,1009.6,,STL
2025-03-30,17.0,9.4,22.8,6.1,0.0,,21.8,,1005.1,,STL
2025-03-31,8.1,4.4,12.8,0.0,0.0,,18.2,,1014.8,,STL
2025-01-01,20.3,12.2,23.3,0.0,0.0,,12.2,,1019.1,,TPA
2025-01-02,14.7,10.0,21.1,0.0,0.0,,10.4,,1024.5,,TPA
2025-01-03,14.0,7.8,20.0,0.0,0.0,,8.6,,1025.0,,TPA
2025-01-04,13.8,8.9,19.4,0.0,0.0,,11.2,,1026.1,,TPA
2025-01-05,14.4,8.3,23.3,0.0,0.0,,8.6,,1023.2,,TPA
2025-01-06,18.1,13.9,22.8,3.3,0.0,,18.7,,1015.4,,TPA
2025-01-07,10.7,5.0,13.9,0.0,0.0,,14.8,,1021.3,,TPA
2025-01-08,8.9,5.0,15.0,0.0,0.0,,10.8,,1023.6,,TPA
2025-01-09,8.5,3.9,14.4,0.0,0.0,,10.8,,1022.1,,TPA
2025-01-10,11.7,5.6,22.2,0.0,0.0,,13.3,,1016.5,,TPA
2025-01-11,16.2,9.4,18.9,6.9,0.0,,14.8,,1014.4,,TPA
2025-01-12,10.3,5.6,16.1,0.0,0.0,,7.9,,1019.6,,TPA
2025-01-13,16.6,13.3,23.3,6.1,0.0,,9.0,,1018.9,,TPA
2025-01-14,15.7,11.1,19.4,1.8,0.0,,15.5,,1024.0,,TPA
2025-01-15,12.6,10.0,15.6,0.0,0.0,,10.8,,1027.7,,TPA
2025-01-16,13.4,11.1,17.8,0.0,0.0,,9.0,,1024.5,,TPA
2025-01-17,15.6,12.2,21.1,0.0,0.0,,8.6,,1020.5,,TPA
2025-01-18,17.7,15.0,21.1,0.0,0.0,,9.7,,1015.5,,TPA
2025-01-19,18.8,13.3,20.6,35.6,0.0,,16.9,,1015.3,,TPA
2025-01-20,11.5,7.2,13.3,0.0,0.0,,15.8,,1025.2,,TPA
2025-01-21,10.2,5.6,15.0,24.9,0.0,,16.2,,1023.6,,TPA
2025-01-22,5.9,3.9,7.8,5.8,0.0,,17.6,,1025.1,,TPA
2025-01-23,6.0,3.9,9.4,2.3,0.0,,15.1,,1024.7,,TPA
2025-01-24,8.2,3.3,14.4,0.0,0.0,,14.8,,1026.5,,TPA
2025-01-25,9.2,1.1,19.4,0.0,0.0,,9.4,,1029.8,,TPA
2025-01-26,14.1,8.3,23.3,0.0,0.0,,9.0,,1027.8,,TPA
2025-01-27,16.8,11.1,22.2,0.0,0.0,,6.8,,1022.4,,TPA
2025-01-28,16.6,12.8,22.2,0.0,0.0,,8.3,,1019.8,,TPA
2025-01-29,15.8,11.7,22.8,0.0,0.0,,5.8,,1021.0,,TPA
2025-01-30,18.6,12.8,27.2,0.0,0.0,,4.0,,1021.3,,TPA
2025-01-31,19.4,16.7,25.0,0.0,0.0,,11.5,,1019.8,,TPA
2025-02-01,19.6,15.6,23.9,0.3,0.0,,7.9,,1019.9,,TPA
2025-02-02,19.8,17.2,23.9,0.0,0.0,,7.6,,1021.3,,TPA
2025-02-03,20.5,17.2,26.7,0.0,0.0,,7.6,,1021.5,,TPA
2025-02-04,20.5,16.1,25.6,0.0,0.0,,9.7,,1022.1,,TPA
2025-02-05,20.2,16.7,26.1,0.0,0.0,,6.5,,1021.6,,TPA
2025-02-06,21.2,17.2,26.7,0.0,0.0,,5.8,,1021.5,,TPA
2025-02-07,20.8,16.7,26.1,0.0,0.0,,6.8,,1022.0,,TPA
2025-02-08,20.4,15.6,26.7,0.0,0.0,,7.2,,1021.7,,TPA
2025-02-09,21.0,16.1,26.1,0.0,0.0,,5.4,,1022.1,,TPA
2025-02-10,21.7,16.7,27.8,0.0,0.0,,7.9,,1022.5,,TPA
2025-02-11,22.8,20.0,27.2,0.0,0.0,,10.1,,1018.9,,TPA
2025-02-12,22.8,19.4,27.8,0.0,0.0,,13.3,,1016.2,,TPA
2025-02-13,24.2,21.7,28.3,0.0,0.0,,13.0,,1020.7,,TPA
2025-02-14,23.6,21.1,27.8,0.0,0.0,,10.8,,1026.0,,TPA
2025-02-15,23.4,20.0,29.4,0.0,0.0,,12.6,,1020.9,,TPA
2025-02-16,22.9,16.1,26.7,3.8,0.0,,16.2,,1015.0,,TPA
2025-02-17,17.4,12.8,22.2,0.0,0.0,,10.8,,1019.5,,TPA
2025-02-18,17.3,11.7,25.6,0.0,0.0,,11.9,,1019.3,,TPA
2025-02-19,21.2,19.4,24.4,12.4,0.0,,13.7,,1014.9,,TPA
2025-02-20,17.3,10.0,18.9,0.0,0.0,,16.9,,1019.9,,TPA
2025-02-21,11.6,5.0,19.4,0.0,0.0,,16.6,,1027.1,,TPA
2025-02-22,14.3,8.3,22.8,0.0,0.0,,11.9,,1026.6,,TPA
2025-02-23,16.8,11.1,23.3,0.0,0.0,,8.6,,1021.8,,TPA
2025-02-24,17.9,16.1,18.9,55.9,0.0,,10.1,,1014.7,,TPA
2025-02-25,17.6,15.0,22.8,0.0,0.0,,12.2,,1011.9,,TPA
2025-02-26,18.3,13.9,25.0,0.0,0.0,,7.9,,1016.7,,TPA
2025-02-27,19.8,16.1,25.0,0.0,0.0,,9.0,,1017.6,,TPA
2025-02-28,19.8,15.0,24.4,0.0,0.0,,11.5,,1017.1,,TPA
2025-03-01,17.2,12.2,23.3,0.0,0.0,,8.6,,1015.9,,TPA
2025-03-02,19.8,14.4,25.0,0.0,0.0,,12.2,,1016.5,,TPA
2025-03-03,17.1,11.1,24.4,0.0,0.0,,10.8,,1019.4,,TPA
2025-03-04,21.7,17.8,27.8,0.0,0.0,,15.5,,1017.2,,TPA
2025-03-05,21.8,16.7,23.9,9.4,0.0,,21.6,,1011.0,,TPA
2025-03-06,17.4,13.3,19.4,0.0,0.0,,22.0,,1015.1,,TPA
2025-03-07,16.3,11.1,23.3,0.0,0.0,,7.2,,1018.5,,TPA
2025-03-08,18.6,13.9,23.9,0.0,0.0,,9.0,,1016.2,,TPA
2025-03-09,22.6,20.0,27.2,0.0,0.0,,13.7,,1014.4,,TPA
2025-03-10,21.9,16.7,23.9,1.5,0.0,,23.4,,1010.8,,TPA
2025-03-11,18.6,12.8,25.0,0.0,0.0,,13.7,,1015.8,,TPA
2025-03-12,18.7,12.8,24.4,0.0,0.0,,7.6,,1017.7,,TPA
2025-03-13,18.8,13.9,23.9,0.0,0.0,,8.6,,1016.9,,TPA
2025-03-14,21.0,15.6,27.8,0.0,0.0,,6.1,,1015.0,,TPA
2025-03-15,23.8,20.0,30.6,0.0,0.0,,16.6,,1012.2,,TPA
2025-03-16,24.8,20.6,29.4,7.4,0.0,,16.9,,1013.2,,TPA
2025-03-17,19.5,15.0,22.2,0.0,0.0,,24.1,,1019.9,,TPA
2025-03-18,18.4,13.3,27.2,0.0,0.0,,9.4,,1021.8,,TPA
2025-03-19,19.8,12.2,26.7,0.0,0.0,,6.1,,1019.1,,TPA
2025-03-20,20.2,15.6,26.1,2.0,0.0,,17.6,,1016.4,,TPA
2025-03-21,15.7,10.0,18.9,0.0,0.0,,14.8,,1020.3,,TPA
2025-03-22,15.4,10.0,21.7,0.0,0.0,,8.6,,1021.6,,TPA
2025-03-23,17.9,12.8,25.6,0.0,0.0,,7.9,,1020.6,,TPA
2025-03-24,22.1,18.9,27.2,0.0,0.0,,10.1,,1018.2,,TPA
2025-03-25,23.7,18.3,29.4,0.0,0.0,,9.4,,1018.1,,TPA
2025-03-26,22.7,17.2,31.1,0.0,0.0,,9.0,,1020.6,,TPA
2025-03-27,24.4,18.9,31.7,0.0,0.0,,8.3,,1022.5,,TPA
2025-03-28,23.8,17.8,30.0,0.0,0.0,,13.7,,1023.2,,TPA
2025-03-29,24.6,20.6,30.6,0.0,0.0,,14.0,,1020.1,,TPA
2025-03-30,25.3,21.7,30.0,4.6,0.0,,13.3,,1016.7,,TPA
2025-03-31,25.0,22.2,29.4,0.0,0.0,,12.2,,1014.5,,TPA
2025-01-01,24.8,21.7,29.4,0.0,,,16.9,,1017.8,,HNL
2025-01-02,25.1,22.2,29.4,0.5,,,13.7,,1017.0,,HNL
2025-01-03,23.9,19.4,28.9,0.0,,,7.9,,1016.7,,HNL
2025-01-04,23.4,18.3,28.3,0.0,,,7.2,,1016.1,,HNL
2025-01-05,24.3,21.1,28.3,0.0,,,10.8,,1015.2,,HNL
2025-01-06,24.8,20.6,28.3,1.5,,,13.7,,1014.9,,HNL
2025-01-07,24.4,21.7,28.3,2.3,,,20.9,,1014.9,,HNL
2025-01-08,25.8,21.1,27.2,1.0,,,11.9,,1018.0,,HNL
2025-01-09,23.8,20.6,30.0,0.0,,,11.2,,1019.1,,HNL
2025-01-10,24.8,20.6,29.4,1.8,,,16.6,,1019.1,,HNL
2025-01-11,25.4,22.2,28.9,0.0,,,21.2,,1019.3,,HNL
2025-01-12,24.2,21.1,28.9,0.5,,,15.1,,1019.2,,HNL
2025-01-13,24.9,22.2,29.4,0.0,,,15.5,,1018.3,,HNL
2025-01-14,24.9,20.6,30.0,0.0,,,13.0,,1018.9,,HNL
2025-01-15,25.3,21.7,30.0,0.0,,,12.2,,1018.5,,HNL
2025-01-16,23.8,18.9,27.8,0.0,,,9.7,,1016.4,,HNL
2025-01-17,23.6,20.0,27.8,0.0,,,10.8,,1014.6,,HNL
2025-01-18,22.9,17.8,27.8,0.0,,,13.7,,1016.8,,HNL
2025-01-19,24.0,20.6,27.8,0.0,,,15.1,,1019.1,,HNL
2025-01-20,23.2,19.4,27.8,0.0,,,11.9,,1018.8,,HNL
2025-01-21,23.3,18.3,27.2,0.0,,,9.0,,1015.7,,HNL
2025-01-22,21.9,17.2,25.0,6.9,,,12.2,,1013.5,,HNL
2025-01-23,20.3,15.0,25.6,0.0,,,9.4,,1015.4,,HNL
2025-01-24,20.9,15.6,27.8,0.0,,,9.7,,1017.2,,HNL
2025-01-25,23.6,18.9,29.4,0.0,,,11.9,,1017.0,,HNL
2025-01-26,24.6,20.6,28.3,23.4,,,10.4,,1018.2,,HNL
2025-01-27,22.6,20.0,26.7,0.0,,,15.8,,1016.7,,HNL
2025-01-28,21.8,18.3,26.1,0.0,,,13.3,,1014.7,,HNL
2025-01-29,21.8,18.3,26.1,0.0,,,11.9,,1012.6,,HNL
2025-01-30,24.6,21.7,25.0,90.7,,,24.1,,1009.5,,HNL
2025-01-31,23.7,21.7,26.7,3.8,,,14.8,,1010.6,,HNL
2025-02-01,23.5,18.9,27.8,0.0,,,8.6,,1013.6,,HNL
2025-02-02,22.3,17.2,28.3,0.0,,,10.4,,1016.3,,HNL
2025-02-03,22.6,18.3,27.8,0.0,,,6.5,,1016.9,,HNL
2025-02-04,22.8,18.9,27.8,0.0,,,13.0,,1016.7,,HNL
2025-02-05,22.7,19.4,26.7,0.0,,,10.4,,1016.5,,HNL
2025-02-06,22.2,17.8,26.1,0.5,,,9.4,,1016.5,,HNL
2025-02-07,21.9,18.3,28.3,0.0,,,12.2,,1017.3,,HNL
2025-02-08,23.1,18.3,27.2,0.0,,,9.0,,1017.9,,HNL
2025-02-09,23.7,18.9,28.9,0.0,,,11.2,,1018.3,,HNL
2025-02-10,23.8,20.0,27.2,0.0,,,8.6,,1019.1,,HNL
2025-02-11,23.9,20.6,27.8,0.0,,,8.6,,1019.8,,HNL
2025-02-12,23.7,19.4,27.2,0.0,,,9.4,,1017.6,,HNL
2025-02-13,23.4,18.9,27.2,0.0,,,9.0,,1015.0,,HNL
2025-02-14,24.4,21.1,26.1,5.3,,,9.7,,1018.0,,HNL
2025-02-15,24.3,20.0,30.0,0.0,,,9.7,,1019.6,,HNL
2025-02-16,25.6,22.2,27.2,0.3,,,6.1,,1017.8,,HNL
2025-02-17,25.1,19.4,27.8,14.5,,,11.9,,1016.7,,HNL
2025-02-18,22.4,19.4,28.3,0.0,,,10.4,,1017.3,,HNL
2025-02-19,24.3,20.6,28.9,0.0,,,12.6,,1018.8,,HNL
2025-02-20,24.6,20.6,28.9,0.0,,,11.2,,1018.9,,HNL
2025-02-21,24.6,20.6,27.8,0.0,,,7.6,,1019.2,,HNL
2025-02-22,23.9,19.4,28.3,0.0,,,7.6,,1019.7,,HNL
2025-02-23,24.2,20.0,29.4,0.0,,,14.4,,1020.5,,HNL
2025-02-24,24.8,21.1,28.3,0.0,,,9.0,,1019.7,,HNL
2025-02-25,24.6,21.1,30.0,0.0,,,11.5,,1018.6,,HNL
2025-02-26,24.9,20.6,27.8,0.0,,,11.2,,1017.4,,HNL
2025-02-27,25.2,22.2,28.3,0.0,,,10.1,,1018.2,,HNL
2025-02-28,25.6,22.8,28.3,0.0,,,11.2,,1018.2,,HNL
2025-03-01,25.7,22.8,28.3,0.0,,,9.7,,1018.7,,HNL
2025-03-02,24.6,19.4,30.0,0.0,,,13.7,,1020.7,,HNL
2025-03-03,26.3,23.3,29.4,0.0,,,21.6,,1022.9,,HNL
2025-03-04,25.9,23.3,29.4,0.0,,,28.1,,1022.7,,HNL
2025-03-05,25.9,24.4,30.0,0.0,,,28.8,,1022.0,,HNL
2025-03-06,25.9,22.8,30.0,0.8,,,24.5,,1021.7,,HNL
2025-03-07,25.1,22.2,28.9,0.0,,,22.7,,1022.6,,HNL
2025-03-08,24.9,22.8,27.8,0.0,,,23.4,,1023.1,,HNL
2025-03-09,24.6,20.6,28.9,0.0,,,19.4,,1022.7,,HNL
2025-03-10,24.3,21.7,28.3,0.0,,,22.3,,1022.0,,HNL
2025-03-11,24.6,21.7,28.3,0.0,,,26.3,,1021.9,,HNL
2025-03-12,25.1,22.2,28.9,0.0,,,28.4,,1022.3,,HNL
2025-03-13,25.4,23.3,29.4,0.0,,,26.3,,1022.0,,HNL
2025-03-14,25.4,22.2,29.4,0.0,,,15.1,,1020.8,,HNL
2025-03-15,24.6,20.6,27.8,0.3,,,9.4,,1018.2,,HNL
2025-03-16,24.6,20.6,28.9,0.0,,,10.8,,1017.3,,HNL
2025-03-17,25.5,22.8,28.3,32.5,,,7.6,,1018.6,,HNL
2025-03-18,23.6,21.1,27.8,0.0,,,8.3,,1019.4,,HNL
2025-03-19,25.0,22.8,28.3,0.0,,,19.1,,1019.8,,HNL
2025-03-20,25.3,23.3,29.4,0.0,,,21.6,,1019.3,,HNL
2025-03-21,25.8,22.2,30.6,0.0,,,15.5,,1019.6,,HNL
2025-03-22,25.7,22.2,30.0,0.0,,,13.0,,1018.5,,HNL
2025-03-23,25.3,20.6,28.3,0.0,,,9.4,,1016.0,,HNL
2025-03-24,24.5,20.0,28.9,0.0,,,10.8,,1015.5,,HNL
2025-03-25,24.6,21.1,29.4,0.0,,,11.9,,1015.5,,HNL
2025-03-26,24.8,21.1,28.3,0.0,,,8.3,,1016.6,,HNL
2025-03-27,24.6,20.6,28.9,0.0,,,10.4,,1017.5,,HNL
2025-03-28,25.6,22.2,28.9,0.0,,,8.6,,1018.4,,HNL
2025-03-29,24.4,20.0,31.1,0.0,,,11.2,,1016.7,,HNL
2025-03-30,25.4,21.1,28.9,0.0,,,9.4,,1015.7,,HNL
2025-03-31,25.4,21.7,28.9,0.0,,,12.6,,1015.5,,HNL
